these 240 derivations will be built:
  /nix/store/2464kjdpk1n9rr913vyfnznqmgh4ag7p-unit-systemd-tmpfiles-setup.service.drv
  /nix/store/5fw80b49hyw3r1r87402lxm230hmdk2j-unit-systemd-tmpfiles-clean.timer.drv
  /nix/store/brpnfvx6nyr7k00l6vdx0yvh9g098k6k-unit-nixos-fake-graphical-session.target.drv
  /nix/store/cggknnhlvvqdh4ns976f1y021falpg69-unit-dbus.service.drv
  /nix/store/a06nbinvmjkkcyj8cfhka2abqcpf274i-nixos-enter.drv
  /nix/store/pf2c4zhfbayczrsihwc3s7hk2zkzgn1b-builder.pl.drv
  /nix/store/0pzpfrfhivfybyqvzr0w04sklfwm94b9-perl-5.42.0-env.drv
  /nix/store/dlv53rcfa50a489kx761x4zzaqf8zh3h-command-not-found.drv
  /nix/store/imjll498zkaml4rrgavqm5qwiqx0w3zz-nixos-install.drv
  /nix/store/iyqvdblj3ny5calil4w0dbq3p79090ym-nixos-build-vms.drv
  /nix/store/cyxjvcfpwsw6rhxw14084vlfb72dyncb-perl-5.42.0-env.drv
  /nix/store/vd0c5hbb736fiibvnj2c0v7spcl59acn-nixos-generate-config.drv
  /nix/store/zmnzhw47d1ix508kqd69kf0cs2ynjc6y-nixos-version.drv
  /nix/store/w1cy933ckw60m9gcqxwpn61xyv14zy0c-system-path.drv
  /nix/store/cvflkc94p9k2i3269rhsl17s1qb5mj2b-dbus-1.drv
  /nix/store/fswh04jwlbhpidvh8c5bw7h34536hadr-X-Restart-Triggers-dbus-broker.drv
  /nix/store/hhsmk3ybg9nw41nrz5v5k7d0j80d2i5p-unit-dbus-broker.service.drv
  /nix/store/ks78vmmvmsd8xh5zv9lr6dspcvkgzkk4-unit-script-nixos-activation-start.drv
  /nix/store/j098p7hlnccaqj92xx224b9vpr136vb6-unit-nixos-activation.service.drv
  /nix/store/xg69c0yk0phfca22y6w22i1fbfdfg7ab-unit-dbus.socket.drv
  /nix/store/0j4v7jhwdva9lr1drqap90krjb7qgi6y-user-units.drv
  /nix/store/0xpximh14ld30sjnqr8y2l6vbjrmml5z-unit-systemd-localed.service.drv
  /nix/store/10xn4n2aacdh8bsqd32lzjfmlmycgxv4-unit-kmod-static-nodes.service.drv
  /nix/store/1309qxmrv9gxrvkv39q53wmhmmhfjiaa-etc-pam-environment.drv
  /nix/store/1cqcjw2ppklm5znbgp534fi39g540crp-localhost-hosts.drv
  /nix/store/lq0rpbap1wxxsqvgkg34p3p9irx632xj-etc-systemd-journald.conf.drv
  /nix/store/l7657n5xi0341jy3mjgqm6xlgynsr0bi-X-Restart-Triggers-systemd-journald.drv
  /nix/store/1d6w2nx5c0zbs9v0fppz84x3x42g3n0k-unit-systemd-journald.service.drv
  /nix/store/1fjk013hnbdx5y7wd2c2pgw3r282hkl1-unit-user-runtime-dir-.service.drv
  /nix/store/hhzk11sa21030vcps5r55jvwcmxdf1cg-nixos.conf.drv
  /nix/store/1m1589h3f1d16cnml19aixby9mapxdap-X-Restart-Triggers-systemd-modules-load.drv
  /nix/store/1rm7nbvdyf5jkns2mhgcp6q9jxn5zgr1-groupmod.pam.drv
  /nix/store/xyyw5xjz2pkz91xnr5hr8qwgiqqc1qfp-firmware.drv
  /nix/store/1s41qc4ass4xnr1j2scp5dj5z40gy4gb-boot.json.drv
  /nix/store/22kw80lvk3w75rhxmc5602qha58616sj-unit-multi-user.target.drv
  /nix/store/hhpadbc20bk9bp3r9mvcifgaw36lqp85-unit-script-network-local-commands-start.drv
  /nix/store/2cqbgfdxz440kks2znzb5cck351yi91w-unit-network-local-commands.service.drv
  /nix/store/2ihih36654ajqjk4009i8mx77q8xaaaw-issue.drv
  /nix/store/ai1ch57sp4rggmlnpj2rwmvapvmsydzl-mounts.sh.drv
  /nix/store/fzyidly5q6aci05ib21hlhhpll7s7phv-perl-5.42.0-env.drv
  /nix/store/iwvw689604c478xxgfmn3djjcaracssw-perl-5.42.0-env.drv
  /nix/store/2rqj00jdp6vjj19w08fqvvbi9ryc7pij-login.pam.drv
  /nix/store/3b68g7cnc9shjikpmx5ng40nczm7gzg4-etc-man_db.conf.drv
  /nix/store/3fl7lcim9qzcj2mb91d5584xzbzcblpl-etc-systemd-sleep.conf.drv
  /nix/store/3yk0kwnd44283y4xsr300bzjdb2ilnri-nix.conf.drv
  /nix/store/ppkvwkq0xy0dm0nd71x4xz2wmi3y8gib-lessconfig.drv
  /nix/store/46p6h0acw3xyv4xiyag8a0hb3z30nl07-set-environment.drv
  /nix/store/4d6ky2dh1ngdsjhbf4qp73fl55gzliah-sandhi-claims.json.drv
  /nix/store/4hs0xpx5h6fvmyqsfbzw2gpwjbvywa1f-login.defs.drv
  /nix/store/55cqk31kr7h5dm6jqcrczqpbwdqsrklk-etc-lvm-lvm.conf.drv
  /nix/store/59m0qpylxw17saqlhl6w1q572i311c65-etc-nsswitch.conf.drv
  /nix/store/5cdjv52crc9qbj9bic21xqlpwwlgxz15-fontconfig-etc.drv
  /nix/store/5k7pfdj98p0zyf54rc1mfzrbn9d8if60-etc-environment.d-50-systemd-path.conf.drv
  /nix/store/6a36z0fiz0qq6qkh4r73dizs3awdj530-etc-systemd-user.conf.drv
  /nix/store/79lkjkpgvj3k61c0qy1v1rphadryja2h-etc-nix-registry.json.drv
  /nix/store/7a5q0n6wygii18i52fz2f3girpxr5nia-runuser-l.pam.drv
  /nix/store/7dqkh4lbk7zc51jlqpn2ycz9j9yzpnya-etc-fstab.drv
  /nix/store/7gg640w9n2dqx2iybigh3hxcszc3ma23-systemd-user.pam.drv
  /nix/store/7z7ldz1xbzj6gs1ds7wqv45032ga9zp1-etc-shells.drv
  /nix/store/81xwvi8ysr90an09si7c24is8fh53hfh-passwd.pam.drv
  /nix/store/48sf3l2dsxjq939na90m117jvmmfwrl4-systemd.drv
  /nix/store/9wa7lb8cqlb6r06prwa0jkcp1s8g52q4-50-coredump.conf.drv
  /nix/store/9xa2qzwidnz12fcaia54gkpgddf142g5-vlock.pam.drv
  /nix/store/a6wsr7s7sa8yp9l2jd6gwm8my2rk3jmb-runuser.pam.drv
  /nix/store/a9cv07m84gvl9zzdxzw3nms2zzhy0z2w-etc-bashrc.drv
  /nix/store/axm1q1snmdpgv2rgna7bbnignk9aaqkg-etc-modprobe.d-nixos.conf.drv
  /nix/store/i5knx9p0i39b6wq4qmiagjb8y5wdrxxz-sandhi-probe.drv
  /nix/store/bfd654bb5k29a9n1h2jbq933kjy8fadn-etc-sandhi-contracts.json.drv
  /nix/store/brnzq9kgcxpvi992q67mnqd1vwff0ya6-other.pam.drv
  /nix/store/c38bjzhcb5qz9gwdwq1kfxnvqwrsxmam-su.pam.drv
  /nix/store/c3ix7904agkynmi7vhapcvdjmgqrlbrv-etc-profile.drv
  /nix/store/cxs7zh7faafjfhrifsfyyh4www46nmbs-etc-sysctl.d-60-nixos.conf.drv
  /nix/store/3fcrazf8iqpmv93z9bcklpxf8vvxmwh0-udev-path.drv
  /nix/store/62ay8y1h0hwjja0f9gfaih0hplkygg6s-ipv6-privacy-extensions.rules.drv
  /nix/store/887l043l9dha8gfybvw3kh6ggrrh2xxj-ipv6-privacy-extensions.rules.drv
  /nix/store/i3mwr27j4fhhx2ak3489pqbb1413gjmn-extra-udev-rules.drv
  /nix/store/w3mr0mhm18hl34527d76wvpljfy0q61y-extra-hwdb-file.drv
  /nix/store/dllf3n86zfi9x0dw1y0r934rwzz9yx2g-udev-rules.drv
  /nix/store/f7j2c8jg7zyrsldacdpyjlmkj7hzhkl2-chfn.pam.drv
  /nix/store/faq4zws7fhh40h9lnm6h9d5frm59syik-etc-systemd-oomd.conf.drv
  /nix/store/fn6w9nn7a2sclyyaq9jyqbpl8xycgkm5-hwdb.bin.drv
  /nix/store/fwng5214p0zcv03rxlyn9hvws4wc3hp6-etc-netgroup.drv
  /nix/store/g1w5k7mfb4y94c4a0kq3p1qmlxz0k6xq-groupadd.pam.drv
  /nix/store/ga9dak20ra55fvj3ypq66afxi4xcx01v-console-env.drv
  /nix/store/gcx6mqxgmm70ymg3pdxykbfhb2xp1vwp-etc-systemd-system-preset-00-nixos.preset.drv
  /nix/store/hdqnlmi9p9hydk77qjsmyds6fawb2acq-etc-dhcpcd.exit-hook.drv
  /nix/store/ij6c2qg4ilxa55mzaycpj34vhihbfddp-etc-modprobe.d-firmware.conf.drv
  /nix/store/ilj8gaqr4hfx5j4rns1498nqvxgm9kil-vconsole.conf.drv
  /nix/store/jgjnkb5idgj0q54br1qgxvbq2q6gdlw6-sudo.pam.drv
  /nix/store/jjk7wf6g5y6jvd9gn87iiazvdgaibawy-etc-ssh-ssh_known_hosts.drv
  /nix/store/kycnwvhi0ys55zbbqqp2wy9cf32nvhrr-etc-systemd-coredump.conf.drv
  /nix/store/laybr4l1sbf0aanprkzvpx3crg5d4vsw-useradd.pam.drv
  /nix/store/lj5jkirzw92z99kcm3ya0cmrpn26msqy-etc-host.conf.drv
  /nix/store/lz7k0x2ycnj6ccaimdpvzacl70ih5zzc-etc-nscd.conf.drv
  /nix/store/m3aldsqnsgbwnh486alh8pm95xbqhxgh-locale.conf.drv
  /nix/store/mxhaw2l6xqw7s97fp2s0k8j5x65wmizw-useradd.drv
  /nix/store/n1c3ff7aj6198gzzfz91gzcw2dznlazr-groupmems.pam.drv
  /nix/store/n886hy91b50lybnhbw589rqimrn04hnx-etc-fuse.conf.drv
  /nix/store/nckdln7smr8vlhq5rk5lfcdj7mbc6wmm-etc-hostname.drv
  /nix/store/p43gbd1ksqpn4khxzij0ihqbzyiy7j8n-etc-systemd-system.conf.drv
  /nix/store/r54487xv91y2qasr9h3yh927ai5k48s9-etc-gai.conf.drv
  /nix/store/rf7w82nzjrqxa7g1l5xlnrbfwsan5f3w-sandhi-lopa.json.drv
  /nix/store/rrwdd88azygfbh1cfxxiy1ij3462hk3c-etc-systemd-user-preset-00-nixos.preset.drv
  /nix/store/s1xs104kjgvahl8fjmcmvljf512cn2zd-groupdel.pam.drv
  /nix/store/2s7i29i9940m32dm1j8mdy6r9dazrkly-unit-nix-optimise.service.drv
  /nix/store/47p8fdggdiyr55csbblgl4910nsh86rs-unit-script-sleep-actions-start.drv
  /nix/store/migp2qsgwxwgk3vc3686vcmhi8xczngj-unit-script-sleep-actions-pre-stop.drv
  /nix/store/3dgy3mk8vvrggl5djbx6klgszrdfrpsm-unit-sleep-actions.service.drv
  /nix/store/47rf90kf2bkajjr9sn7ywddy5fsxg57b-unit-systemd-nspawn-.service.drv
  /nix/store/49wv385z9ai21z3n9bxhc4dw9fgl2rhm-unit-nscd.service.drv
  /nix/store/4ign9gc6km5r70fw1h1i1h5vp8v5i64k-unit-systemd-makefs-.service.drv
  /nix/store/4nzirfg80dyay9cbi5fh6x4kx16qx6pr-unit-systemd-modules-load.service.drv
  /nix/store/by2zm3rpc9rfz72cfv9gw7mwhlb5xpy4-firewall-start.drv
  /nix/store/j5vcsrrslh0zn7rwicwyab5ibfm5gb9h-firewall-stop.drv
  /nix/store/3fihxlszgyf3f8x1fcjm84z1qn6sfbjm-firewall-reload.drv
  /nix/store/4pjj2bp0n4mr9nnac62vgfj6ixc6210x-unit-firewall.service.drv
  /nix/store/568jwmr092ixbhspyjkizbw2inb8y1hi-unit-systemd-fsck-.service.drv
  /nix/store/fx0j0k91jpxhvkhynw00lwrfrhw4bh6p-X-Restart-Triggers-systemd-journald-.drv
  /nix/store/5qsnyavbv2vlaf329jaa8j020cp1gkv8-unit-systemd-journald-.service.drv
  /nix/store/5zq1ljjivg8x3brj5nq62xgwkpgn3wp5-unit-fs.target.drv
  /nix/store/ch525fidgwcxjgsvnbfpk940n9fgh34x-X-Restart-Triggers-reload-systemd-vconsole-setup.drv
  /nix/store/60xd0kz2brj0w4hx4575h08j2grgi1rw-unit-reload-systemd-vconsole-setup.service.drv
  /nix/store/6ix0h3bcvf3y44hxba3b1iqd21j5kyz3-unit-systemd-journald-audit.socket.drv
  /nix/store/6rnilyixhmlgyfi30vl9gcydr5wg39m3-unit-serial-getty-hvc0.service-disabled.drv
  /nix/store/7ipxgxy045a6c6vx36ds74f9ijqlfj4j-unit-lastlog2-import.service.drv
  /nix/store/7rpfnlxn58142az9akg544g7gmdbwnzf-unit-systemd-hostnamed.service.drv
  /nix/store/8186bcw2kmdjbsxw038jm2q9ygj6xnwa-unit-user-.service.drv
  /nix/store/955vl1c08qv4718p6p8mcg98zsry7xpq-unit-keys.target.drv
  /nix/store/j21kkwmnmx1a7aq54jvdpmwji73jly37-getty.drv
  /nix/store/6h8gmhs4z4yr41785h72zid8758fd2nr-getty.drv
  /nix/store/acng9gyvh8ii6gvm3g0v9bmzgdjhcwhv-unit-getty-.service.drv
  /nix/store/aflffj8npff2vvijrkbmxcfhc29ahpy1-unit-sandhi-contract-empty.service.drv
  /nix/store/br48qrmz6y0wg34631qhxmjrxybidx11-unit-systemd-random-seed.service.drv
  /nix/store/clsr92060m10p38a7vcvlrnpny116gnb-unit-system.slice.drv
  /nix/store/5kvmfycdblkz4z464kfjyn3nisqwpnl5-unit-script-linger-users-start.drv
  /nix/store/cswpzwv43prr571rs42lpd1i8z2k2gzh-unit-linger-users.service.drv
  /nix/store/cx80hgfi15j6d2wsc26wlv1n8g2rad34-unit-systemd-journal-flush.service.drv
  /nix/store/dhcdscqw0wqhwwx742pn50cw3c1kv9wy-unit-serial-getty-ttyS0.service-disabled.drv
  /nix/store/fpi23cr3jiz7bwjrb0crp1jpgwzrdwvz-unit-modprobe-.service.drv
  /nix/store/fsi1321xbfgyihk4qg2b6f7kwjl9gi0m-unit-sysinit-reactivation.target.drv
  /nix/store/g9h65l38ywbb783lj2d0q0raix6r21s1-unit-serial-getty-.service.drv
  /nix/store/gm4387mmfbbxi3gdzsc7mjmmfpb6ppc1-unit--.slice.drv
  /nix/store/ggixwznh0sppy8x7fm9cl8ghfck600l8-nixos-tmpfiles.d.drv
  /nix/store/yylz7kws0h8jcdm5vax19ysg25r0n76q-tmpfiles.d.drv
  /nix/store/g37zg3k5chs9y1gafclhaw3jdwjvv142-X-Restart-Triggers-systemd-tmpfiles-resetup.drv
  /nix/store/gzd2i3rvmnhrz89clcvb0qay6pljibvf-unit-systemd-tmpfiles-resetup.service.drv
  /nix/store/hrbbsv34yrgdyhnvgi0l2nh5zg2scm9h-unit-remote-fs.target.drv
  /nix/store/izpd10l37drj44y7jw1nwnkldv3ap4d6-unit-run-initramfs.mount.drv
  /nix/store/qpjj3n7srxxa9iaqy760f1n5pcs82l2r-sandhi-require-ip-filter.drv
  /nix/store/j48ms59clrhk3rnrvykfhfw5rw749ycd-unit-sandhi-contract-first.service.drv
  /nix/store/wlhx5hym8l07dvfpjmnxi34nlqdfylj7-unit-script-nix-gc-start.drv
  /nix/store/jan9fiahy3pglz2873fqmc0znfxjm849-unit-nix-gc.service.drv
  /nix/store/jbjnl1a4v96ksd1py59z8qqc740nalin-unit-systemd-pstore.service.drv
  /nix/store/jdvwsgpdjvqlhly05lgilmmz7yi211c4-unit-systemd-mkswap-.service.drv
  /nix/store/kwxrrffciw725b7n17k3a6432zgw1ykq-unit-console-getty.service-disabled.drv
  /nix/store/kx2k5qr689cc0d3j9545w2g785mj5lzf-index.html.drv
  /nix/store/l53insv0wabpd7jy284p169qr4hxz9qs-unit-echo-fixture.service.drv
  /nix/store/l7iccxi2lxvzdx8334w7ar0gsblggznm-unit-networking-scripted.target.drv
  /nix/store/hjw5720wd4a0khgzrlps08864ck2ij3k-unit-script-suid-sgid-wrappers-start.drv
  /nix/store/lnz848m3qcm38v02rvhb2zs0wxx2ky7j-unit-suid-sgid-wrappers.service.drv
  /nix/store/ck0yrsav16gcbvapm226kl0rd14dhpqm-migrate-dhcpcd.drv
  /nix/store/d6h4qdjjidjrc88mqpzdnk7f5jl24r09-X-Restart-Triggers-dhcpcd.drv
  /nix/store/k5bmi2qp6p14b7dg23k76z38p6i5zaj4-hostname.drv
  /nix/store/qnzrvw9rf45mmw7xxqyh365w604xrcjf-dhcpcd.conf.drv
  /nix/store/lvxr8hqhi8vcc5qzz71x9zd5a0l5zdhf-unit-dhcpcd.service.drv
  /nix/store/lz2s5f0dhcdbwpl7aj87h7xzyfab3cx7-unit-container-getty-.service.drv
  /nix/store/lz8cr4d0r2gxsr0jig9b8n0vbw7jf01m-unit-sandhi-contract-changed.service.drv
  /nix/store/qah2c7gpb8n3jgx0vdmiv24rcjhnzkc8-unit-script-post-boot-start.drv
  /nix/store/w3x65z130vqzg76rclqkfy9l7f6ja7xg-unit-script-post-boot-pre-stop.drv
  /nix/store/lzh1asv7fzswlldgp0by82v6jhm96g64-unit-post-boot.service.drv
  /nix/store/grbaq7hilh571zmizj9vnv9cmq2pkybi-unit-script-backdoor-start.drv
  /nix/store/lzhn6x2162g88byrg6hdqpssqm185la5-unit-backdoor.service.drv
  /nix/store/m68p7rk8sby7k7fisqlvipj83w1cim8m-unit-nix-daemon.socket.drv
  /nix/store/mrdrrzbljy069kgkjhca78qp6gv7b7pi-unit-systemd-oomd.service.drv
  /nix/store/mhbbjgffkxdy18n9kl0ix5r5brmvrfb3-X-Restart-Triggers-systemd-udevd.drv
  /nix/store/mz8f4lnpzjdxw771i68wfwsnrk5jd5rq-unit-systemd-udevd.service.drv
  /nix/store/nn03gqzb76fl3g9ir2xp7lni6gbayxmm-unit-dbus-broker.service.drv
  /nix/store/phn6kznrl0h494bm5vx55xyjajxzbi2b-unit-systemd-remount-fs.service.drv
  /nix/store/qjy0f4ji37msvhn9rxbkpsnmrlyb025r-unit-systemd-user-sessions.service.drv
  /nix/store/qsxj22a0a4qh2ilxsqspfavkx911sybc-unit-run-wrappers.mount.drv
  /nix/store/8pnj2h4bq3gvl56032nll4qig7y01xyn-X-Restart-Triggers-nix-daemon.drv
  /nix/store/r159flwri5v223mddiq2vzga6k38mjpn-unit-nix-daemon.service.drv
  /nix/store/s4dbrc4nfa733k2565dlig39gciy6bhs-X-Restart-Triggers-systemd-sysctl.drv
  /nix/store/rck2yivi9y24s35kd7nwbqwyj4x78w6s-unit-systemd-sysctl.service.drv
  /nix/store/rg8rzc7ndkidgslm6791mvrn25mhgh5p-unit-getty.target.drv
  /nix/store/rsd3mizcbnjma64b035ajss36pc292q9-unit-local-fs.target.drv
  /nix/store/rygn1xpybf3kyay0lqh4wawq1ridp10x-unit-systemd-backlight-.service.drv
  /nix/store/fwar1bsy6h27jqpai0vh083qpb53lg5j-index.html.drv
  /nix/store/sq9gr0s36aid1rjfmvapfcgjvv4bq60h-unit-sideband-fixture.service.drv
  /nix/store/v1d5nwj24b5qhw04ya3zh1vjqf3zgkv6-unit-user.slice.drv
  /nix/store/s943hf7ljwg3hx9mrgcy376hv96br9xh-etc-os-release.drv
  /nix/store/gb3jankgz8fam52ddhk2asbnyza1yxia-shutdown-ramfs-contents.json.drv
  /nix/store/vi4ywx6bk3syq4zc0h8ry41i39zrhf5f-unit-generate-shutdown-ramfs.service.drv
  /nix/store/sbkwml2b2y5lw6nsw6l3hf4yky2ii8vw-etc-resolvconf.conf.drv
  /nix/store/32656p0k9gwhq4pk5nqiwf2snwyw2z6y-X-Restart-Triggers-resolvconf.drv
  /nix/store/iab5na5am2ahh0cz5p7i54cx2kiwign3-unit-script-resolvconf-start.drv
  /nix/store/w03h50yyyrfz5gfqg5d579qsgawybpk8-unit-resolvconf.service.drv
  /nix/store/wkwxj6g07cwl568hnn9b18cf4sz8ggvp-unit-systemd-logind.service.drv
  /nix/store/wrbxwkrlvr611kpbrn22hp7h1l20g2hq-unit-systemd-timedated.service.drv
  /nix/store/w88a1pyi6ynni4y7wxh5gwvdmf1q4hvg-unit-script-register-nix-paths-start.drv
  /nix/store/x0c84w1brks3fsflsn28qdyh530pb90x-unit-register-nix-paths.service.drv
  /nix/store/xjvanzb3d7ygxbivyc6fayaggr4pkp54-unit-systemd-update-utmp.service.drv
  /nix/store/y15jy0bb6kamz3b1n1qa7m5wyhrgd4qm-unit-systemd-importd.service.drv
  /nix/store/ppd99yywvxy6l6nrgxbsi18xpkqr86m3-unit-script-prepare-kexec-start.drv
  /nix/store/y406lj19ybiisbphlnm3aqlip8grs9ip-unit-prepare-kexec.service.drv
  /nix/store/ybl00f0n7q545dy556azkfgxizxmg7v3-unit-network.target.drv
  /nix/store/z1q54bbxbfryjlj27qdpva61rzad9brq-unit-qemu-guest-agent.service.drv
  /nix/store/zv2kcrcv0bb22r7rgkwh379gpw006hmh-unit-fstrim.timer.drv
  /nix/store/s41ip27zl95glmpbj8pvnanw4qkpfhyb-system-units.drv
  /nix/store/sfl36i4w69kzwhjbp85l8hky5dhi2nvz-chpasswd.pam.drv
  /nix/store/w8549mb3zm2wmlsqa2gqrxigwh5cyfrh-etc-bash_logout.drv
  /nix/store/w8rb091kap2c0mngfi7j0gdqa9kw8wyb-etc-ssh-ssh_config.drv
  /nix/store/wvxncb80z5bz8w33zfajq1fyh2nb2pd0-chsh.pam.drv
  /nix/store/xlc43zlkbhw1kh0abgabrwv42s9fsqa7-usermod.pam.drv
  /nix/store/m0nbcxgm74abp09zwcjs30ca1ld36gqz-extra-hosts.drv
  /nix/store/npsv4qni88ss1r7c9nl9xp7jjn0bm2m8-string-hosts.drv
  /nix/store/y22r7k62xfbg4y4a7mi7ryw69g15kbj0-hosts.drv
  /nix/store/y2wsc3klqrdl0ncw8q135yjj10624xv1-userdel.pam.drv
  /nix/store/yzjaxdblnsp9c1wd79b34xxz8xfl238m-etc-systemd-logind.conf.drv
  /nix/store/zkyjzyr0fhpmsk35407891rydnlrpdym-etc-lsb-release.drv
  /nix/store/zqkgy61kxlg8gm9zk3lig0figngc6bby-etc-nanorc.drv
  /nix/store/m1pxyjhfib6cq5i9kh4w9q7nq5ninapq-etc.drv
  /nix/store/2npm3cqzm990v81ycmb15aax50mancyn-hashed-password.root.drv
  /nix/store/sf7r5vdwbabr0dm732z9r3lw4wss0vdg-users-groups.json.drv
  /nix/store/2jxazgv0hnp1ravp9841zl78ad2glsjq-activate.drv
  /nix/store/3hrzcbfyvpkq79lsix5bwhh0244dxqqn-test-script.drv
  /nix/store/3v1plq9qyar9hd5faa590a1dwspgjj6r-linux-6.18.52-modules.drv
  /nix/store/63q3m1fil3fbyys6w3m8dmgzs3w48346-grub-config.xml.drv
  /nix/store/qm77mwqg22q4gaq4p6l1h67c9aqads84-perl-5.42.0-env.drv
  /nix/store/s2h5ricjb7kxbpyvwm4z2l81wrzh01rb-install-grub.pl.drv
  /nix/store/6shif69gl44lc4h0d86cymfb65gj6l5j-install-grub.sh.drv
  /nix/store/ly0ps4x1qagr4af9gb9qggqdkxkzrzgi-perl-5.42.0-env.drv
  /nix/store/3zgg40c3gxpypxr1q9srg4ks3y5qxrvp-local-cmds.drv
  /nix/store/qrriaiayg3y9n7x7pjbfn69xi2p6nxqr-stage-2-init.sh.drv
  /nix/store/q7dd480ibc9f78793v9qy33d9kjqgvrn-nixos-system-machine-test.drv
  /nix/store/3kaf23y19k0rszqbi8q339c94s4l20n5-closure-info.drv
  /nix/store/ivglazxk7g3dnfqsvba1plm6pdm4jrsc-run-nixos-vm.drv
  /nix/store/rh9njbqypwa5m3qq9m2qy7cm2000xvhq-nixos-vm.drv
  /nix/store/5hga6pf443wag8jpwrj052fyinlwq2f6-driverConfiguration.json.drv
  /nix/store/lc69nsvg0sgwlh1hp0pkzcva83jgbfz2-nixos-test-driver-sandhi-declared-reach.drv
these 481 paths will be fetched (619.1 MiB download, 1.9 GiB unpacked):
  /nix/store/gpz1bjn2s76dqpfji61f0maksibp3bq6-55-nixos-aslr-entropy.conf
  /nix/store/frljwrcd9gl19l5ybmwqn19wjzphiy0i-acl-2.4.0
  /nix/store/njxgc2gff9ws5lwnrm6zvgjyxwrs240w-acl-2.4.0-bin
  /nix/store/rc5i0xgp7s5ph280hs7xsx33qmh8xpi5-acl-2.4.0-doc
  /nix/store/373aqrg57wpip0arcfrhlyv1zxx9dbjd-acl-2.4.0-man
  /nix/store/q1w855dvrm32p15r256k4c9srlr8z5b5-attr-2.6.0
  /nix/store/blycm46bvmfji10v32khnj8m5lvk8i1n-attr-2.6.0-bin
  /nix/store/lm4wg5hhxlmrsxm9czrmys0yk7d74ah7-attr-2.6.0-doc
  /nix/store/4wczb0xssqg1rqgxsykwc2cnnvvs407k-attr-2.6.0-man
  /nix/store/mm5s03rgi6r3x08rj3nywqvcr8qg0dzi-audit-4.2.1-lib
  /nix/store/kp60gcpz809c0akwd3l1n2xzl05vj7ig-aws-c-auth-0.9.1
  /nix/store/956g0sg5d6mfkh2a13085wgw0w2kig5h-aws-c-cal-0.9.2
  /nix/store/l728zbndr6mzdxw0p77679n6n19z0vwx-aws-c-common-0.12.4
  /nix/store/igylj5pxlsw29v690spfvsmx8fb0s8x6-aws-c-compression-0.3.1
  /nix/store/3bn34q2w61f3n6x1zfa59p2kx1c65qzx-aws-c-event-stream-0.7.0
  /nix/store/xx2yl48x4fs59da8lfqgjg5vwvsmfz83-aws-c-http-0.11.0
  /nix/store/d0cdi1xi4d2gsgr18qdbkvd61lm64046-aws-c-io-0.27.2
  /nix/store/kshx9bb5an71j8nf3iiss5fg1aigymcr-aws-c-mqtt-0.13.3
  /nix/store/l261lavqz7nm9xciwvra8k0s1nza49jw-aws-c-s3-0.8.7
  /nix/store/dh40sffzjpsj4plapaa23jc5nmkxvya5-aws-c-sdkutils-0.2.4
  /nix/store/vsqcz7g7ibkzhyrwnwpq78vlchs27zr2-aws-checksums-0.2.7
  /nix/store/wrgsiqw30dzqf1f16anv968jcnc7784z-aws-crt-cpp-0.34.3
  /nix/store/axl12yr00f105bjqvj628f5f0s6r0cnp-bash-5.3p9
  /nix/store/gy39f2cwh428l1j4xb570dhf1h6l861r-bash-completion-2.17.0
  /nix/store/yisa2lg79zcvgk4ck4yr6r0lz6j63hs3-bash-interactive-5.3p9
  /nix/store/473m2zam5zgd23yzzqk95fawmsnb8x4m-bash-interactive-5.3p9-doc
  /nix/store/j5wssm0i20lr5kwiqd1mk9ghfd2hiksq-bash-interactive-5.3p9-info
  /nix/store/bmi7h6s5agcrv34slyirf3nj9kj86wfw-bash-interactive-5.3p9-man
  /nix/store/6hinfjfljbhs7dy3g10wm44v6781x1j4-bcache-tools-1.1
  /nix/store/s49wqwbikj12zmr6b55siksk1d7yc173-bind-9.20.26-host
  /nix/store/r82bqzm165b08rbfsbd25dqjlgszj1yr-bind-9.20.26-lib
  /nix/store/83hisfkjd6s0w7djkh1i4szi0mmd9a83-bind-9.20.26-man
  /nix/store/63wdfxcylc7rzym8iwhv84yppg8gj3vv-binutils-2.46
  /nix/store/g4fbgh99yml0wr57798brfl64iwdbpd2-binutils-2.46-lib
  /nix/store/hzh5y9d3hjgv7dba7psyxqwfxss4skjx-binutils-2.46-lib
  /nix/store/la0zcwbbm1jazcjqf80m49xfyj14k4b3-binutils-wrapper-2.46
  /nix/store/zb1a1ldf8cn0rr9waq4gnsnnq48mbx1s-boehm-gc-8.2.12
  /nix/store/bj86mfcd28chmjgw4kzd4xh0s9xpycyz-boost-1.89.0
  /nix/store/nsbql0387ak4anchkdpggdy290p5jp3k-bpftools-6.18.7
  /nix/store/8xq69dyynsbzb5ryr8x5l55h60hb3jaf-brotli-1.2.0-lib
  /nix/store/slwj4ilwv41r6b49abrsw3dyjmb1198c-btrfs-progs-6.19.1
  /nix/store/wjn2kkmswxldfbqgjai4vf92wd9z1p2k-busybox-1.37.0
  /nix/store/h5fj8jq0n0aal756qac3b24lc1zjnqjw-bzip2-1.0.8
  /nix/store/kk9ka2nhq5vr4yaanz865kryj88gbiik-bzip2-1.0.8-bin
  /nix/store/26ffr5bwnsa0f6k0hxnpdv1b20w1v086-bzip2-1.0.8-man
  /nix/store/snw76ws3hch3r6as3wwk5zg22sdgc12y-c-dvar-1.2.0
  /nix/store/7skd9ipk98z4rcasxfamvpw0sjddx46x-c-ini-1.1.0
  /nix/store/3dnq5b3jd0bpnvc19w8dyx2byl2dhq3d-c-rbtree-3.2.0
  /nix/store/vjcg9s005s0fcna1s423dfwrjsj7czp9-c-shquote-1.1.0
  /nix/store/5b67dxvgn5pnwgcfnx8dndhqi86z8f57-c-utf8-1.1.0
  /nix/store/v6cm9zcc61hq7j8w1lvvr2fkcy68khw4-capstone-5.0.7
  /nix/store/61685rbaxmpigwi3z23i33sv3jyfl70q-coreutils-9.11
  /nix/store/di1wk9b1iqx0cd0z9qmmjmigncys4cax-coreutils-full-9.11
  /nix/store/p7d5iwjcws9nqpq4j6scycbpfgc3bs8n-coreutils-full-9.11-info
  /nix/store/3ikilpq6sgv4ckxw00hz1k0kps4vw5vy-cpio-2.15
  /nix/store/4n9y74ivkrqfnki5s39fhi16p97pr5rn-cracklib-2.10.3
  /nix/store/cd14snn5j14dcc7hc8b5mfilfq5irhsy-cryptsetup-2.8.6
  /nix/store/cjxc4x3cnlzlcdrsi92k5i7pkn78ixnz-curl-8.21.0
  /nix/store/ivjxzg1i3lab63k4vgmjrp9iz1g3xspm-curl-8.21.0-bin
  /nix/store/hx2ghzi4sapjw1mqhxp7l0knsajjg3n0-curl-8.21.0-man
  /nix/store/c8z6h527k5pmayzd40wrbqv5iy8yc878-cyrus-sasl-2.1.28
  /nix/store/3cavgp9jaq7jpvcwq3x71x4sqsygsn8w-dash-0.5.13.3
  /nix/store/zgp83rnq596nhx7dfwd5hjid87p2csny-db-4.8.30
  /nix/store/zcgmdqby7fr05v3p68yahr78ldvhdy0r-db-5.3.28
  /nix/store/hb0kkjdwmzfbrlslvd7c59k8y3lq0w0w-dbus-1.16.2
  /nix/store/ydklj1k189rqj741rq0klpbx6vbizfkd-dbus-1.16.2-doc
  /nix/store/923pgfgbhs1y8157yv2s7sxgvryabmk6-dbus-1.16.2-lib
  /nix/store/pm85gjyp3i7s9cg0c4n22r7nq6gfali1-dbus-1.16.2-man
  /nix/store/8f0xq9l261r02h40dak7vplrpj9c959g-dbus-broker-37
  /nix/store/1nnsca2xfhhz8xkadcpy4hv2kwffs0zy-dejavu-fonts-minimal-2.37
  /nix/store/71x5r55xp1xmli88xipg8j3gmr8l37v4-desktop-file-utils-0.28
  /nix/store/is3qwb08ml20ic4x9imvr60r8vlfwaqs-dhcpcd-10.3.1
  /nix/store/qqlrkblzhy8mkrrgz5d1vaxn14v98d0r-die-hook
  /nix/store/1cnqsbklqng87a7hx5w3adz42n2y70pi-diffutils-3.12
  /nix/store/63qk8qa0ppfhc7w7sknd17l6d56qgba3-diffutils-3.12-info
  /nix/store/ic92a2fgk4fmgm1sh9grdrz6mia9may1-dns-root-data-2025-04-14
  /nix/store/rjxx7ky0p30c8sb6lax4ka1m4d4k3nvl-dosfstools-4.2
  /nix/store/3c1xkvvvmm4cwikxwf7cf54qmbs1gq3q-dosfstools-4.2-doc
  /nix/store/n6v8shx1hjx1ambd66ypjfn04xgq8h55-dosfstools-4.2-man
  /nix/store/s10lwkl3w8r8zg2im85m0la4cg02c2yp-dry-activate
  /nix/store/psw8wx7fchrzcbwkrilsa0186kpy4bxr-dtc-1.7.2
  /nix/store/mss16gyh703bp856qbq7k7nra5a51pa0-e2fsprogs-1.47.4
  /nix/store/ys498nc6scmzxp5nwafgz5wfw3w1s0va-e2fsprogs-1.47.4-bin
  /nix/store/4x1gvd85dnl0y28bdday6dsxnh9kmwrz-e2fsprogs-1.47.4-info
  /nix/store/68bpnjri6lp8sbwqma6jppg1ajwm8bz3-e2fsprogs-1.47.4-man
  /nix/store/w7lk3nmxl2mx9jabpc0achg7ar3iagdv-ed-1.22.5
  /nix/store/z3xvbk2zm2mhzrydix10q2nrh7cm0dmx-editline-1.17.1-unstable-2025-05-24
  /nix/store/y5frzqd1lyw30x5jwa2gczqhl5as49qf-elfutils-0.194
  /nix/store/wzx8dd89lbqjz5qx3agrxqcbw83hfpxn-ensure-all-wrappers-paths-exist
  /nix/store/53s7nxi6k9ij09si7rr7qjcvr1jc257j-expand-response-params
  /nix/store/x99x6r4wr8bm9s4k2363xrl8n3palbv2-expat-2.8.3
  /nix/store/ql16kpaw66v8ybr22mx3rncjg3zcxdz9-fc-00-nixos-cache.conf
  /nix/store/8dlc57g0dhqz23lglkp9smdjf6jg6qpp-fc-10-nixos-rendering.conf
  /nix/store/s7cplhxs9j04pxpd2bfks14y1g7wcv4w-fc-52-nixos-default-fonts.conf
  /nix/store/2fdgnh91naxy1x97z5yqq9x62ckcba38-fc-53-nixos-reject-type1.conf
  /nix/store/mgcyw5524xd76f7zfbfj6r1wm00gn1xi-fc-53-no-bitmaps.conf
  /nix/store/q1bm68zxq6gda6z0i416gaq87qxvyxwp-fc-cache
  /nix/store/3wbppfzpwj9kwkfrx9bkg99fbmr49p9q-file-5.47
  /nix/store/wmk64kxbdsd3z2zlpwdr4pgsg05yfn2j-file-5.47
  /nix/store/1cv23lq6wrnq248cwjn4g21w7qvk8y0y-find-xml-catalogs-hook
  /nix/store/n82li8za1mykdpj921c0v4f7dr7f6vba-findutils-4.10.0
  /nix/store/5qgb2ydzz1pyg4fh8wm65v2zvjikbd6g-findutils-4.10.0-info
  /nix/store/3zw61qx1c914kxgjj2ayfi0xyh4gwccr-fontconfig-2.17.1
  /nix/store/5lk3ysnrfmmciyxh9fbml12zmh2znrmi-fontconfig-2.17.1-bin
  /nix/store/9aa8kqdkr3b6n5gyhlqjxyklyndzywjy-fontconfig-2.17.1-lib
  /nix/store/ax17pgilp5br0k3a9wxdskr13w8v235v-fontconfig-conf
  /nix/store/j0lf3mglz0rsqzky9rvbasxl4x3f2nh2-freetype-2.14.3
  /nix/store/ifr3klyh11x9h0ia0nb29dfpz0i3n80q-fstrm-0.6.1
  /nix/store/8jcxc1fc35qwrki4y1jrlqd5xys0rnkn-fuse-2.9.9
  /nix/store/km57fq417dvp1awlr6df87md5c5nbcvb-fuse-2.9.9-bin
  /nix/store/sxzp783fvfd380js5qsks6i981v33p2j-fuse-2.9.9-man
  /nix/store/b9b1r768l5l86l7f0582fcb6ns7s93kr-fuse-3.17.4
  /nix/store/bl2hphf7jc59d40ks2i4j4fgqmr3q5vx-fuse-3.17.4-bin
  /nix/store/5kf6grw34nm63bdkq8fi8jm9h6pc635i-fuse-3.17.4-man
  /nix/store/l048yqk8sv2lpz14ww39bqc3vzcmlz6m-gawk-5.4.1
  /nix/store/y8fljlv1ykwi1s4fvp44jwsm4kk2yw5c-gawk-5.4.1-info
  /nix/store/jka6c00mcbm5cphigwc2z1nlpfnpqjff-gawk-5.4.1-man
  /nix/store/6hjng4hd5c688hjgdcyb1rzfjz220srh-gcc-15.2.0
  /nix/store/3b7njvjfc2w5lhj1jklrsw4lq7nwypri-gcc-15.2.0-lib
  /nix/store/yf2c1gngi2dqvgni1rgvnixxc0d8di02-gcc-15.2.0-libgcc
  /nix/store/hbsz2ngi9ixbhd9na1xagh2yc8qnmj7y-gcc-wrapper-15.2.0
  /nix/store/qzymnjpi1lzx6si3h6kxp914l8lz3qgz-gdbm-1.26-lib
  /nix/store/81zpbkhcssq2nn0rfg50vkm81rmvsfam-getconf-glibc-2.42-84
  /nix/store/rqzm26y92kdqys6qjjdzfh087cf0vam4-getent-glibc-2.42-84
  /nix/store/fcrr8692fi7xlslpnsfzridgq4zpba4z-giflib-5.2.2
  /nix/store/3zrzn6fp2ylm7y1cya5jjsgi47ffgbdc-glib-2.88.3
  /nix/store/rkiwrqh8g6gs5rws4bf1s3mrdcs15gm9-glibc-2.42-84
  /nix/store/389a70m1z11xiz1b5b4gawz1z7w085rh-glibc-2.42-84-bin
  /nix/store/rlrznkmvs6jyp5kgq5jv2wqam83jv1r7-glibc-2.42-84-dev
  /nix/store/mzcxsv4qgymhbff4qxy1d02mln8g9553-glibc-2.42-84-getent
  /nix/store/ackz66vvxyrl3di7r8z1v35vfhflhm0s-glibc-locales-2.42-84
  /nix/store/n22dkvywg4pb1jpb77mvkdw9cpzkfcpb-gmp-6.3.0
  /nix/store/0kbdz7lqam74236c5lc6sm0fkvmypifv-gmp-with-cxx-6.3.0
  /nix/store/mldlrh14scy9avywnpalp1v8vxivq9k0-gmp-with-cxx-6.3.0
  /nix/store/finpdyscmk3xzcvrp6yxhxkwa6xqnwdp-gnu-config-2024-01-01
  /nix/store/x3mmarawk8qkqf3257aidf7cljax6mc8-gnugrep-3.12
  /nix/store/5isd4imdslwzdfa20rbkbx7z3h8i2vhx-gnugrep-3.12-info
  /nix/store/jrf0jzrrgiqxhk2kzc7qvc9qpivm86ns-gnumake-4.4.1
  /nix/store/v78cv32zz4vf9g6mm0a9aqz2qicccrza-gnupg-2.4.9
  /nix/store/cwr0fxlfy7jzfxwz2wyhd30a3bzw7vx1-gnused-4.10
  /nix/store/zsk8f4l4aqyxl1b5xs4qqnz4g1kfvqhb-gnused-4.10-info
  /nix/store/86vpqfvxlhaf89sfacn84jqr7q0f7i9p-gnutar-1.35
  /nix/store/plpn1m2r90invcrdw48kdrl65q379sq2-gnutar-1.35
  /nix/store/v0k0kya67m67d4dl1wr1djcvxnsx4hy7-gnutar-1.35-info
  /nix/store/5c9ivvmkpdg8c7y7hnynxrsccl236a8x-gnutls-3.8.13
  /nix/store/lhlwfdrvy8mdvj6al3rr7rrpzkw1gxg1-groff-1.24.1
  /nix/store/nxgbnri4sklbwvy3axg2grcpfnsnh2ja-grub-2.12
  /nix/store/4fp03lf9dal1jcpa5fr3ayjq7ff1bkji-gzip-1.14
  /nix/store/q4sdigrvdnq2x8h7vzj4dsmy8814mmfm-gzip-1.14-info
  /nix/store/xjn0bcc78nd2x4i9qzla0ma8qg019zhv-gzip-1.14-man
  /nix/store/wwhm0n9h6pvmkjd7v3c9gxf79p8npn6z-hashed-password.root
  /nix/store/645ffiwkf9krhrif0c0g809r4v728cwl-hicolor-icon-theme-0.18
  /nix/store/wbnc6gj6vixik6f07ivjxm75rvcqqp9p-hostname-debian-3.25
  /nix/store/3nkqlnrl1qs7cyr7jhphz68vnc6zaava-hostname-debian-3.25-man
  /nix/store/6rabqfma9s9vzwpvnj08vlwv3mb5pdmv-hostname-hostname-debian-3.25
  /nix/store/368aipn6s922sl4v70vs0fvr800fjqkn-hwloc-2.13.0-lib
  /nix/store/dby6q9025zc8yr79gz4g6skdgddzdchw-iana-etc-20251215
  /nix/store/9yvl4pqvlxfcbh1d3rcbr0l7zr5dsc57-icu4c-76.1
  /nix/store/yj2hx0wm1fb37h3mfzfyb374492ylfx8-initrd-linux-6.18.52
  /nix/store/23b28m04pxhn5qamkz76lpikcvby71da-install-shell-files
  /nix/store/likbsj5vd53pqflsjc2bsvsbi1z5618v-iproute2-7.0.0
  /nix/store/7y0flm2cbq8ncjjx8j4mc4ysmm0c6jca-iptables-1.8.13
  /nix/store/9zr8qwk1k6i214vp6laala7j7bfr7f3q-iptables-1.8.13-lib
  /nix/store/68pvrm29yxgl7qyc4jmvd822699zp41w-iptables-1.8.13-man
  /nix/store/3hyi6j0l54p8xcj7zbakzvx330llw1wq-iputils-20250605
  /nix/store/rpg2z447qgc5jc3hv2j4kif34472yj77-iputils-20250605-man
  /nix/store/qq5xqq26g23xp1w38208595305m9vfn8-isl-0.20
  /nix/store/g1x3nlc4gv5ibb462nh3sc239rd44dm1-jbigkit-2.1
  /nix/store/dlc15l4hkvg3g0qwxaxh5ggi26i4y1kz-jemalloc-5.3.1
  /nix/store/qk6zra0nzif7r1d2anl9vyfc9iwa99ps-jemalloc-5.3.1
  /nix/store/xr7dwzhzcrw95yszlqqx78vclfcpk6f7-jq-1.8.2
  /nix/store/wm4pfgq6l2wgc2cqfvfidl5y3mc9r2xx-jq-1.8.2-bin
  /nix/store/bzk2jf62ksz06jqlkz9bf7xk8iidhcwk-jq-1.8.2-dev
  /nix/store/20mr5gacgcc6zrxgmxnlbiy27y0h50w5-json-c-0.18
  /nix/store/4j4ayz3rkk7pprkw8gwg1jj2pdcr7rij-kbd-2.9.0
  /nix/store/wj54mvz4936ws68aw09sawhjfwikajvz-kbd-2.9.0-man
  /nix/store/l9lc5hkdgxhr6fkd0y9hhsi4cmvdf4s1-kexec-tools-2.0.32
  /nix/store/48lbchbfr5wv0bjn82c3dp2shzff9dl8-keyutils-1.6.3-lib
  /nix/store/jsv8b08zhc1y5zjxsjxggmc99zhk0r3n-kmod-31
  /nix/store/lyf6bad7m4fawa2pm4mirnchv598zi9w-kmod-31-lib
  /nix/store/pm0fh0s1q3dnzfrsi211xiibwqjpwbdk-kmod-31-man
  /nix/store/35mizn7gqfbrr4bq08xnwkrs9a1h95sw-kmod-blacklist-31+20240202-2ubuntu8
  /nix/store/jbfx9xkq8v4w261nii2w38k2pfyccc99-kmod-debian-aliases.conf-30+20230601-2
  /nix/store/4y2f1gr8wdm0a7gxrwwsrw817jl6g9j5-krb5-1.22.2-lib
  /nix/store/xdz4c49xgh3k8y6qsvd30hjrks4mrgm7-ldns-1.9.2
  /nix/store/b2n3ncpgimqz08v0d1l7c08bp10361fz-lerc-4.1.1
  /nix/store/5p16psvr75g4dg6rh3znl0vkmq2xiprm-less-692
  /nix/store/8mxxijhig8dnc5gvdhlv4hbk7fq0d75x-less-692-man
  /nix/store/ym2b0aaa10qqwl7v35xnyviw289869a6-libaio-0.3.113
  /nix/store/5yycj3f69a8q041wiiizq23s3wi64yyz-libapparmor-4.1.7
  /nix/store/3nf6r9s0wd9jwpy036wygsch97wir1xp-libarchive-3.8.9-lib
  /nix/store/5ds7g1jivc5zwq9f9bpmdcrc89ihsfdi-libassuan-3.0.2
  /nix/store/y5ja6al7z4d3jdnjc5ppiis1n7y7s74c-libblake3-1.8.5
  /nix/store/qrzxl01xr34gjx9i1b21i3b7ygz1ivva-libbpf-1.7.0
  /nix/store/a5gy98kc61babxrqvmsmxhpkw3yykax1-libbsd-0.12.2
  /nix/store/bnjb2xjfyybbm2d9vm36a8s1cy3gl3cy-libcap-2.77
  /nix/store/y24c6yzbvzdh7h440kv1q9rknc147qww-libcap-2.77-doc
  /nix/store/2n1rzjngpw6bfb8r9gk5457rm0hp5da5-libcap-2.77-lib
  /nix/store/m9a2qrn979n7myn4n7kdarh7n1hrify9-libcap-2.77-man
  /nix/store/0248m4p5xbxby1kg0xma16h44v3qi1i0-libcap-ng-0.9.3
  /nix/store/fwpn1kxgpvljdrvm5r3xrfg3r9kn80w3-libcbor-0.13.0
  /nix/store/an0pdl343wfscr5ki91z450q89i58da4-libcpuid-0.8.1
  /nix/store/gm9fps4n89sjczi2cy9lf60yfd9jsq11-libdeflate-1.25
  /nix/store/yz1dzbmygjbn8ivvpnhw4s3ihmmrp5rs-libedit-20251016-3.1
  /nix/store/kgmry3yifiziqmamn88gdsv1jpkba753-libevent-2.1.13
  /nix/store/ws9r38pminy9z70n2dvpz4p4v7vfy90v-libffi-3.8.0
  /nix/store/7ky4prhcw0axc0dm5w1hyhn08bac47gv-libfido2-1.17.0
  /nix/store/chlbjg1d96p7ycs0ii2vzli9ir8wfnny-libgcrypt-1.12.2-lib
  /nix/store/px978yzivbzh3kma1yj8pnzbf8ij99q8-libgit2-1.9.7-lib
  /nix/store/l39cw10s7gfyll6vy2m5h4ghi5rp6la8-libgpg-error-1.59
  /nix/store/rpb8jg53s0zdlgbpwla0k3fp2k14y2is-libice-1.1.2
  /nix/store/xidgjdv05b8yz6w6qrhk4mmjxm4l2zjf-libidn2-2.3.8
  /nix/store/8v41z678r634z0lhisd221dslls6mdyv-libiscsi-1.20.3
  /nix/store/91k0lrx7dvacq05b4sxibj0nc5gdh68x-libjpeg-turbo-3.1.4
  /nix/store/lj02hb532h7qgnh7q01wp2h94pzlmn0x-libksba-1.6.7
  /nix/store/ks9052xf73bpfdpb0k17vfp96k4xa116-libmd-1.1.0
  /nix/store/fjqfznpczbz8n5m961fwyj1k2rnc243r-libmicrohttpd-1.0.2
  /nix/store/7lqz51fmk5vqjsikfkayifklss9q872c-libmnl-1.0.5
  /nix/store/9ncd81d1p1rpk2ik6iz50vjb29204hz9-libmpc-1.4.0
  /nix/store/ris03i1kzchd6rrv7l7ml484m1vbmd2b-libnetfilter_conntrack-1.1.1
  /nix/store/vhi024vi244ch6l2i1mbw5y3rn8ni1hz-libnfnetlink-1.0.2
  /nix/store/br3kk670izpi3wk1a1x3h3ds2scwrb4q-libnftnl-1.3.1
  /nix/store/r6yxkck8k1p21v9yn6yiq7ymknfal2wk-libnl-3.12.0
  /nix/store/qi3zvsfzpj81g4byg94a3xd01lyllawc-libpcap-1.10.6-lib
  /nix/store/3mfkj0xvz1khmf27zm1m3gl852vnh33n-libpipeline-1.5.8
  /nix/store/w253vzqggrlgdgiz79q0mhwwz4q2ckzm-libpng-apng-1.6.58
  /nix/store/kny04dy30q964wnsh8wzkrrvgl0gyacx-libpsl-0.21.5
  /nix/store/a1x2rg3dkha8ns513hjn9v1j9wbka03i-libpwquality-1.4.5-lib
  /nix/store/pgv91v0gldlbfqz7l39bcg27wpqwqffj-libressl-4.2.1
  /nix/store/lf3h4pqig3w2zb4akdf0z74i85s5vwjx-libressl-4.2.1-man
  /nix/store/v894am61q5k6iybclqrpy9gc55sw5svz-libressl-4.2.1-nc
  /nix/store/yx1zv6nq4g07ydqnawqizxkcdlvjbfl6-libseccomp-2.6.1-lib
  /nix/store/17gvdyp5n1rpp8d3qh7zh45jh84jqb36-libselinux-3.10
  /nix/store/sn2bdk3fd7k01qazmbg163qhdyzgzv46-libslirp-4.9.3
  /nix/store/vwz96bkri7fphy8br1isqh3pqzw2zk1r-libsm-1.2.6
  /nix/store/y8diipgc1sfnjgqh9jmddl30hwyq1v2k-libsodium-1.0.22-unstable-2026-04-09
  /nix/store/hmnxl4bvz7cjakbwbay26sc6c4rk1xnr-libssh2-1.11.1
  /nix/store/mc2i2gxbs2hgmndi76r5z8lg0hvfn6ac-libtasn1-4.21.0
  /nix/store/vzadqbp347psdpxvpg5xw9jy7ns0psrz-libtiff-4.7.2
  /nix/store/gbcr78rnf04vxakmbjb04lxfbz9nrh4s-libtool-2.5.4-lib
  /nix/store/kd7ylyy3nc0aj5msd6sx11bxwfb75lcd-libtpms-0.10.2
  /nix/store/fp6wnyklwzdncp0nvhdy9d5fnir0mjq5-libunistring-1.4.2
  /nix/store/xfdmk6rwv91l5fiysl8xq7w685bma6d5-liburcu-0.15.6
  /nix/store/nixlfdxxs8y05ib74cn1bxi41c95r0rp-liburing-2.14
  /nix/store/xrzbm2zkgg1b0an7n7x2z9l9zldqfvdf-libusb-1.0.29
  /nix/store/0gl0nppk9is1g0n5kbkrrwwxc2x10svz-libuv-1.52.1
  /nix/store/rvi5q14nxigyx4dc81dgqzmh35g7lf9d-libwebp-1.6.0
  /nix/store/2g9xwk5kis01003gynr7xfca667dpgv8-libx11-1.8.13
  /nix/store/1w9qgjv9pcmgqmlzrdc0qml4nfsp5p2f-libxau-1.0.12
  /nix/store/b9c155jq2sjw757ywkazvlnl9kyjmcc7-libxcb-1.17.0
  /nix/store/ka5dyx2ammky5biplc2fmfdlqk1s4rka-libxcrypt-4.5.2
  /nix/store/zmvh477q8s2yygyhlwrnw3v75lmw58ap-libxdmcp-1.1.5
  /nix/store/c9asg9zdzspijnqay6jz1ddsxpaa2dvw-libxext-1.3.7
  /nix/store/a86nzh8cmsrgvqv22by83x2fr2d1ximy-libxml2-2.15.3
  /nix/store/26jzl3n1ixfqcwr74hzsgd29n5vkgfhh-libxmu-1.3.1
  /nix/store/020qjy05kwc2dj1mi6s4fg38lfprk2zx-libxslt-1.1.45
  /nix/store/glyk6m67m3ayxjsbjssza725bnzy0bw7-libxslt-1.1.45-bin
  /nix/store/mbd40iic8r2ah4l3ls6ylla2rn87z42j-libxt-1.3.1
  /nix/store/gvibii4aq3h2bxazjql5h9d4fncql0xw-libyaml-0.2.5
  /nix/store/j6kpyx2531aaqrspm3jkxvbwndcc4rba-linux-6.18.52
  /nix/store/ay9sdagr8g9lvi5bf21j8j9w8bbbsvp9-linux-6.18.52-modules
  /nix/store/dmpn2sl84sqf9fskr16qwp4pbs5nm729-linux-headers-6.18.7
  /nix/store/zpv60xrsd2fpzy39s3rhmiwy2z2cm5jz-linux-headers-static-6.18.7
  /nix/store/amcyi2h5qll35baaj4wvm9nb5pyis35h-linux-pam-1.7.2
  /nix/store/ni79xh4wh8g3dqyrk7987hwjb1v9mmpq-linux-pam-1.7.2-doc
  /nix/store/f236sf4m8k906z7z1snyiqhhx5rixldb-linux-pam-1.7.2-man
  /nix/store/fnxyis8hq09pg6wf3a19r3dryhpa70hm-llhttp-9.4.3
  /nix/store/2nlcvqyhi3lpb28zwpbilp7sa76fq2wr-lndir-1.0.5
  /nix/store/z64mh2dl048byg0dvq94sd5yibdd68n8-lowdown-3.0.1-lib
  /nix/store/4smrz272pbx5kg0prx9czap7zn5lbvb0-lvm2-2.03.39
  /nix/store/skblnlq6h8fcdkf5kr711qshn4n2i7ab-lvm2-2.03.39-bin
  /nix/store/ch3vr0zadz8zjlxifnk36d2glkjr77w9-lvm2-2.03.39-lib
  /nix/store/0h79bqb3njwk451cqmmr5pri44441zxi-lvm2-2.03.39-man
  /nix/store/pi8asxfcg7c6wb8kqil2x71xizc1j6zw-lvm2-2.03.39-scripts
  /nix/store/262a1v2z92sbgqhh7k9n694hjbpvv3gy-lz4-1.10.0-lib
  /nix/store/hk7g64b5layfc7cmx2wphpxywld7vpbn-lzo-2.10
  /nix/store/4h1an4wxr2hgvlz4xs253a1xzygzrrfx-mailcap-2.1.54
  /nix/store/zgi7n65namq775ixng2m8q5ivnb91qfi-make-binary-wrapper-hook
  /nix/store/k8fjr9ylxlcl993jx702dw7vbx281fp9-make-initrd-ng-0.1.0
  /nix/store/bpjwzx5qrfcpfnnl18nj6xxx6mpm5bqm-make-shell-wrapper-hook
  /nix/store/mmcd90i1ds38pcrrrypczqylpvydj9w9-man-db-2.13.1
  /nix/store/i33yswfvkv0xaswa88jmrbkwfnr5xbff-man-db-2.13.1-doc
  /nix/store/94k7qxzyrq9lphlkxxjmrd5vylxfaqlk-mbedtls-3.6.6
  /nix/store/dc6m6y544f940a6iz6b1pb1vs98xfhdn-mdadm-4.4
  /nix/store/9anfpjw3h9snym1pgvvn04yy4fmfliz0-mkpasswd-5.6.6
  /nix/store/ss8v0zbq6kfs8sdzs633cl5vg2xqd87f-mkpasswd-5.6.6-man
  /nix/store/jq1i9l9wb2783bcg1k1jsjip5q10qi7f-mpdecimal-4.0.1
  /nix/store/fnfzxz5x42p8wqp852kn6mskijqljphk-mpfr-4.2.2
  /nix/store/v96qgqysnb30amfz9spy0hk54rym7g3q-nano-9.2
  /nix/store/zy26zpbw7jdpz9ihvcmgvamgnhyagblw-nano-9.2-doc
  /nix/store/8kv21laz1dzkxz4rgvgg9x8rqysnpap6-nano-9.2-info
  /nix/store/43pqxfdl3h8jn342r9acbsz2r9mwq706-nano-9.2-man
  /nix/store/iyzdbzddvnpgvax38yf8x12aaiydq54d-ncurses-6.6
  /nix/store/sf7gi6cimjskcgzxrcqcklgh0w8jrjal-ncurses-6.6-man
  /nix/store/8r5hdxay0yppzziids9yzlbwz8bhlnfl-netpbm-11.13.3
  /nix/store/rp3a2c3z4xvc1xfzbgi41gppwnr7aisj-netpbm-11.13.3-bin
  /nix/store/rrl3nxral3nc883n02h4i034mm5zbnin-netpbm-11.13.3-dev
  /nix/store/yf3hn3f26awvriklbigz4cyjp67mwxgf-nettle-3.10.2
  /nix/store/63419mxzsh0mv078xypi7knadl1mx7p4-nghttp2-1.69.0-lib
  /nix/store/p66pcf4rnx9xgs4spdbmh58hsr8ch8x9-nghttp3-1.15.0
  /nix/store/ax38nz0yvfh6m8ws70zhgl1a5b7b066s-ngtcp2-1.22.1
  /nix/store/0djmqy9c50czxaakvi7xqinz30wlbs6g-nix-2.34.8
  /nix/store/wknkybkzrc16r11vk5vrykh4wmw7a353-nix-2.34.8
  /nix/store/f3grx6lxwfwgp7b67nm6pmn2jaj36ks8-nix-2.34.8-doc
  /nix/store/522krjbbz4q8n9w7rw3jphzf1j5wap59-nix-2.34.8-man
  /nix/store/bnw3y00wxknbr16xf7cpc0p67391acig-nix-bash-completions-0.6.8
  /nix/store/jhwc3cfldis6swhr11hklng667394lfk-nix-cmd-2.34.8
  /nix/store/0ssq46388lcsxm2bf3z1g5zln5gmihv2-nix-expr-2.34.8
  /nix/store/bl8ara6b49ndjhbh2gg91h80rkwna8dq-nix-fetchers-2.34.8
  /nix/store/kps140r22d5r88878mp5hrg7d7f3dhjp-nix-flake-2.34.8
  /nix/store/mr1iqv8399a8m99cddarndyji3g9kqs8-nix-info
  /nix/store/pr2marxi8dy2y6j1ix2ndn087vd72qws-nix-main-2.34.8
  /nix/store/vy1whdpg77lh67h13i2j0p2146xgmabc-nix-manual-2.34.8
  /nix/store/32zyi24q3mzzza5gh2pym4hffll6l7sf-nix-manual-2.34.8-man
  /nix/store/qcg4vhr5x7gbf8kbn4vb31iig770vmbd-nix-nswrapper-2.34.8
  /nix/store/gm4agyn1lcqkld6cbklb2hmjn15fqibr-nix-store-2.34.8
  /nix/store/vn8mqqhycqramdwzqqa6q7hwyg28dcis-nix-util-2.34.8
  /nix/store/xvdf2dnj66vyyi0jjwxr17qjk0v3w8fp-nix-wallpaper-simple-dark-gray_bootloader.png
  /nix/store/76xf2ni9k61kbgid1j5wbzgd4kl7g6w8-nixos-firewall-tool
  /nix/store/pkc1q62czkc3ymg2z8lxd5cb5fk0jmh5-nixos-init-0.1.0
  /nix/store/881qcq14d1nf9f2pv7lxk021yyz81nz8-nixos-option
  /nix/store/3ddb0w5y71a0fnvhj49w8mn7lnn8vl0x-nixos-rebuild-ng-26.05
  /nix/store/4rdc8pbhinsncqvi1arybzn3an3abhvk-nixos-test-driver-1.1
  /nix/store/14nvl13g8my4b5kqcb54ryai4g6k32ay-npth-1.8
  /nix/store/w6f1fnc7s3mmv6iq5j97468hi13y0z58-nsncd-1.5.2
  /nix/store/5pqpbbmzkaz554ij06qz9npq5m5p274m-nss-cacert-3.126
  /nix/store/w0snan2chjzwpjflic7kjfj46hdca236-nss-cacert-3.126-p11kit
  /nix/store/4lgw1mzn1060gqikx0d9mrzkiyb7xzi0-numactl-2.0.18
  /nix/store/x2dqnhm3gpmk9z9zi9b3rslyqgk0wl2g-onetbb-2022.3.0
  /nix/store/g7jfv8nvq7md3bsnfzn6d9ra897qx9mb-oniguruma-6.9.10-lib
  /nix/store/wgzvzfrf7s215805vaglmhxwxd47bswa-openldap-2.6.13
  /nix/store/wd02vvx7lxb9z7rrnr8g1sq9j5asspcm-openresolv-3.17.4
  /nix/store/qilxjlbdj0rvrz8isfmnfb9cp91fbvv1-openssh-10.5p1
  /nix/store/wpv267cm8p06c9jkvkqmybp8i5b95awk-openssh-10.5p1-man
  /nix/store/p26kxyf1s61k1fbfiv1r7fk36mkaj4jp-openssl-3.6.3
  /nix/store/zmwmglqbbc4vn3ljrd0znca15kmikbmr-p11-kit-0.26.2
  /nix/store/cfw0pgnnldg564qgz12nb60wbnq7rmc6-patch-2.8
  /nix/store/igij6pvja1yvldp3w5ydlpswqzwsr8s6-patchelf-0.15.2
  /nix/store/h80h3ffln9pmxs272b0agqn5bdpyzbk1-pcre2-10.46
  /nix/store/wi3zfcljza6z8kzr5i6cr44nljqwv84k-pcsclite-2.4.1-lib
  /nix/store/w8mnw9h158ikd0cw5wjs9mhvqihbzbr4-perl-5.42.0
  /nix/store/cwi6qswrvf623v1q4zg3m8sjrbgjsdsi-perl-5.42.0-env
  /nix/store/n76nk4n71h5srghid9853rxwglxn78r2-perl-5.42.0-man
  /nix/store/6gaz7dfv3y81vjypzk7w9yxg1ag2y317-perl5.42.0-Config-IniFiles-3.000003
  /nix/store/748i789ih9vvvvl8hrxhijd0126mxlnd-perl5.42.0-DBD-SQLite-1.74
  /nix/store/j4pb6469kg9f8gb36rx0ryl0y25cwl2d-perl5.42.0-DBI-1.648
  /nix/store/14jj8966lr7nxqgvw6ar34680isyhlm0-perl5.42.0-File-Copy-Recursive-0.45
  /nix/store/8q3v1gxvwi0vf2s8faih9yfrzl11k5fr-perl5.42.0-File-Slurp-9999.32
  /nix/store/ziriblq904q5abya8m3pq1nj4h0hjmaz-perl5.42.0-IO-Stringy-2.113
  /nix/store/hcd2dqyhph6ws25xihz146i9lync7mw7-perl5.42.0-JSON-4.10
  /nix/store/s9d9d9lqw8cmbs7y2i9hlm7mcsv1zgyg-perl5.42.0-List-Compare-0.55
  /nix/store/67mcz47p6f1vdnvhd90i319g0szdjgr3-perl5.42.0-String-ShellQuote-1.04
  /nix/store/ycvl9pdq46fbdngchyks173af6y88fi4-perl5.42.0-XML-LibXML-2.0210
  /nix/store/vpg6mzyllcwl92c5v4k4j9k4jxyci150-perl5.42.0-XML-NamespaceSupport-1.12
  /nix/store/dx7iw9vlsrvhlgdl0swfn8vgr521imji-perl5.42.0-XML-SAX-1.02
  /nix/store/v0qc3prpymvz361njdjwnhz00glgcl18-perl5.42.0-XML-SAX-Base-1.09
  /nix/store/6dkims1c3w0z63l32q48afrnbds53wlf-pixman-0.46.4
  /nix/store/c5mff94iwjyphlz09z48cy12ip2g0c5b-popt-1.19
  /nix/store/2j99qqcxknjr6357pp19p1xiclxnalbb-procps-4.0.6
  /nix/store/pchzydz75zn1hr1066qizjfph0j2sgaq-protobuf-c-1.5.2-lib
  /nix/store/9h5k98byybph3lmgwbxxnhhxi2a3laah-publicsuffix-list-0-unstable-2026-05-13
  /nix/store/h3l4z7p6wny3phbckwwhy1i2g52pdnj4-python3-3.13.15
  /nix/store/cfzb6h0qw89lja1j6rkzzmbkccp37f5n-python3.13-annotated-types-0.7.0
  /nix/store/m4d894flp47h0mlp846sdkzcysxsrxlp-python3.13-appdirs-1.4.4
  /nix/store/r0nqabf9maarmjbk41f30dklgkfbi14v-python3.13-asttokens-3.0.1
  /nix/store/cqjmpkx40ncvcj74s9lvnb8ggbspcqra-python3.13-colorama-0.4.6
  /nix/store/z88sr1d82j354jnimc6pbk93czxlad8g-python3.13-decorator-5.2.1
  /nix/store/k3l4k8yzp3ac6qrn0vfd1488gaz2mlr7-python3.13-executing-2.2.1
  /nix/store/vzwz775p3ax5yifxi32ln6h1n123c8nc-python3.13-ipython-9.9.0
  /nix/store/p2d7a5bi9nmyw1jb32m297hvkpkn9jfy-python3.13-ipython-pygments-lexers-1.1.1
  /nix/store/8npfz6gvqw2hpjimzsb66ssy40m1v2r7-python3.13-jedi-0.20.0
  /nix/store/092f52mxkg9a9zqd2snv58kc21z97s0i-python3.13-junit-xml-1.9
  /nix/store/2p6c9cavxliwsxjsl1a1pp0a6s3wprn9-python3.13-matplotlib-inline-0.2.1
  /nix/store/1ifgfnfp7m8pal7pfgi4xpfb9njjf9vy-python3.13-parso-0.8.7
  /nix/store/6ppr2mx3n2rcpklxs5w03503hyj58j3l-python3.13-pexpect-4.9.0
  /nix/store/6sgqbbh9mcqdvm42spibm2ydq3vp5jsc-python3.13-prompt-toolkit-3.0.52
  /nix/store/v60fb6f7d7mhqpmpvyjcyr82147skv2y-python3.13-ptpython-3.0.32
  /nix/store/y9i29a2zyw36vkih9g1cv9p2mkzqxzaf-python3.13-ptyprocess-0.7.0
  /nix/store/0kinv0a8z8p16qkl5lkpv33z5rxn7bhs-python3.13-pure-eval-0.2.3
  /nix/store/wldgzsjnchps1ylf0gy0n5isir3bidc6-python3.13-pydantic-2.12.5
  /nix/store/8nvfjkncwyp109kap4rrqw36dp7ara4c-python3.13-pydantic-core-2.41.5
  /nix/store/1hivvxvsayy40mjss5fg7fa5qp9amfa4-python3.13-pygments-2.20.0
  /nix/store/i7fky05wc15j4ccncsfq8qw1qhwc2xrl-python3.13-remote-pdb-2.1.0
  /nix/store/kgngw38fsgp83hywsx7zdblv9lmmi3af-python3.13-six-1.17.0
  /nix/store/l7za2cnbgmrjgx1586xm4zw37wz228j8-python3.13-stack-data-0.6.3
  /nix/store/ai4zrvs0iavin8vh5p6c1q06846dg4j1-python3.13-toml-0.10.2
  /nix/store/z84cdfgm9yqxsxy1jfjjg16h38j62k7a-python3.13-traitlets-5.14.3
  /nix/store/193lpmiwhl7hwc7hgbbyx0hskm10a5wr-python3.13-typing-extensions-4.15.0
  /nix/store/0pamnjcwjs88b7jzab258v0ik5i94332-python3.13-typing-inspection-0.4.2
  /nix/store/3269k0kw5xdbf3ahfcrn41zgqq6v7qfi-python3.13-wcwidth-0.6.0
  /nix/store/liim1i7qfgzaz4mkwsq2vziic3708niz-qemu-host-cpu-only-for-vm-tests-10.2.4
  /nix/store/rycj1lc5wc2cs9wfdv9wipm0c61zqm8s-qemu-host-cpu-only-for-vm-tests-10.2.4-ga
  /nix/store/h0yak3ylcd0mnmmp0adwyylnj01fmc6s-qrencode-4.1.1
  /nix/store/2c5pv97v3mzjcdy6vwvx0ssnl388n8dh-readline-8.3p3
  /nix/store/9vbybv6n1ywwfw32jwsq7pnfvwnnk8hv-rsync-3.5.0
  /nix/store/9f6r041gl46jjdvjmask1pb9jw25d0as-ruff-0.15.14
  /nix/store/imvv3smjdi3sd48lg1y9h2i5441y47ck-s2n-tls-1.7.6
  /nix/store/1jxwdyqgcff5558amk5rkxk01hyb3ipp-security-wrapper-chsh-x86_64-unknown-linux-musl
  /nix/store/hnrxxrhl18md8yx277lm0ai6xk4365a6-security-wrapper-fusermount-x86_64-unknown-linux-musl
  /nix/store/8nvq3j6xf41b2vkn8bhazbm0ml6zbkyw-security-wrapper-fusermount3-x86_64-unknown-linux-musl
  /nix/store/37ri5k8y938jq7sxam47wjhcr3wsq84f-security-wrapper-mount-x86_64-unknown-linux-musl
  /nix/store/1ai04hv614ylzw0s77v349md09gylnq3-security-wrapper-newgidmap-x86_64-unknown-linux-musl
  /nix/store/3is6h8kl4fic748fsm6m19x8a13p76bk-security-wrapper-newgrp-x86_64-unknown-linux-musl
  /nix/store/wbwkipjmjvccnhk3yh2i6ax4a1fnlm11-security-wrapper-newuidmap-x86_64-unknown-linux-musl
  /nix/store/3zvl71k6zvl6ilwkdg9mpf48qbcpa7bq-security-wrapper-passwd-x86_64-unknown-linux-musl
  /nix/store/c04z373dvnyb09ma8190w119sl15537c-security-wrapper-sg-x86_64-unknown-linux-musl
  /nix/store/v5n71z4jad3n4w24yjrhq3gwvlv165vw-security-wrapper-su-x86_64-unknown-linux-musl
  /nix/store/ls4qlf2hq32k49idr6npsc62gs77cnh2-security-wrapper-sudo-x86_64-unknown-linux-musl
  /nix/store/prv6i5vmp08jc5ixcpw2062pnl30xcs3-security-wrapper-sudoedit-x86_64-unknown-linux-musl
  /nix/store/bky473fwd1lb7gwa6vym6pbj04f54mci-security-wrapper-umount-x86_64-unknown-linux-musl
  /nix/store/8k8c4hy17zbcgk8zl7jy2vi1dlaa54ql-security-wrapper-unix_chkpwd-x86_64-unknown-linux-musl
  /nix/store/za8ns8kkazv9v2wq91ljh4r8309ihim8-shadow-4.19.4
  /nix/store/2wyw03178cxxbyjfmb2mfhm43gndjfyg-shadow-4.19.4-man
  /nix/store/wbv172hfz6qh0k6a6prk9nrwzns4rhbm-shadow-4.19.4-su
  /nix/store/4gwbb12isyjzxjssdzikzx7kk37mwccz-shared-mime-info-2.4
  /nix/store/sv8yrc7337lvpr6k09jsmkdkic75njy8-simple-dark-gray-bootloader-2018-08-28
  /nix/store/r5g1g00mfdmdkczjf2ykg52gs10a4arp-snappy-1.2.2
  /nix/store/p2k79yam5dw1mhac4h9ixw4mxkh0gvjw-socat-1.8.1.3
  /nix/store/mk2vm8jkx1k8bm1p48zw8f6a2kmrnr4i-sound-theme-freedesktop-0.8
  /nix/store/pzjyfhk4dgmm5wgma0y1m272ly2vb9gw-sqlite-3.51.2
  /nix/store/fbrmzbsak0m5kx8is8i71igsnwmhxs9q-stdenv-linux
  /nix/store/fm52yr0c85y35l2n0k9xc68nbz93y9bj-strace-7.2
  /nix/store/8rx4d5kla3wkrdwi74lcsi2mya1d5x8h-strace-7.2-man
  /nix/store/4fg6jxqcrn62v8azwp18wxnckmvslgpy-stub-ld-x86_64-unknown-linux-musl
  /nix/store/9raq3pn595jnl5k0a5fldq6b0kfa3p57-sudo-1.9.17p2
  /nix/store/a5l3zqyrg0zlfcapacm5rlangs8v80i6-sudo-1.9.17p2-doc
  /nix/store/91p3yp7vp5dkc111rn5h5a4380v89mpv-sudo-1.9.17p2-man
  /nix/store/mxzjyv6a2mg5816b2z5zzbf185fv1bp7-sudoers
  /nix/store/dg59vrmwnkqlp56aj2r7vm1ghjpnv2pc-system-generators
  /nix/store/163bkj6bis0jkzgnwkgb1nqkp3r3hhjw-system-sendmail-1.0
  /nix/store/pn3cb624bsnwr4cjhpr3zrmrdyyam0a9-system-shutdown
  /nix/store/khnfirshq5j299s6sfj0laxj0vr7gaa6-systemd-260.2
  /nix/store/kycqp125rm2vhwfr8p7va57ccf20nygr-systemd-260.2-man
  /nix/store/09kha2wy0q1hz4xyry0zs4bl8s9lfn6f-systemd-default-tmpfiles
  /nix/store/d1jd0nzc1w884i7hqy01w3545wx1kfc7-systemd-generator-environment.json
  /nix/store/5l6va3d5mpx275fy37yiwxqw5y58h85y-systemd-minimal-260.2
  /nix/store/d8x0w5zrpzkk77fpmpknxa72p0z8grh2-systemd-minimal-libs-260.2
  /nix/store/wd2mvazdph2qm5xip19683nrbhibd0ig-tcb-1.2
  /nix/store/xdm9kkbv3nv4wr8cl7b3dh00ivbicg27-texinfo-7.2
  /nix/store/25myrvj4vszs3bh68di7vr5l5p2zkm0l-texinfo-interactive-7.2
  /nix/store/7hsjsbf525435xd3l349rbvfrf5gypx1-time-1.10
  /nix/store/641114x106r73fhsm9yxvx2nhk1nqq1d-time-1.10-info
  /nix/store/fcqmq42asgjfn38ja2iz98fcz5sa6hpm-tpm2-tss-4.2.0
  /nix/store/x67rpnmwdbh8sy1qy3ffknmavbkaxicq-ty-0.0.38
  /nix/store/whnzhhywhswb2ch34rdsppwir53817zb-tzdata-2026c
  /nix/store/586h1kbpfxq4av4c4kmmva2ifnww9gqs-unbound-1.26.0-lib
  /nix/store/glpgfn5wqqvbq02jk18sdm3qxq41k2d5-update-autotools-gnu-config-scripts-hook
  /nix/store/py3vpjag7dasyzbs466jpya4kva73xvr-user-generators
  /nix/store/w90daicl6qg2aj8n6924wr3spk3c1kyf-users-groups.json
  /nix/store/pbc57ybfzbq09nqvh6h50qb994i4mqvc-util-linux-2.42.2
  /nix/store/kql2l4nafrby8ghb3klj5n8arhd2v61h-util-linux-2.42.2-bin
  /nix/store/y5hh21qmrqj0jgppmn0q2ln99aknkg1d-util-linux-2.42.2-dev
  /nix/store/nxpw2vcmafy10hhm96p30zsm7qizpn5g-util-linux-2.42.2-lastlog
  /nix/store/bfsqis9g7kpbvibgsrwqhnzb3firlqni-util-linux-2.42.2-lib
  /nix/store/25xmxg1by9lxx6vmakw21fv1ni1q561b-util-linux-2.42.2-login
  /nix/store/l70vbl5kalkancp45i0xg3606rqkdih8-util-linux-2.42.2-man
  /nix/store/rww67gmlsva48rqj4xqyrynrxavjg5wx-util-linux-2.42.2-mount
  /nix/store/jabdcdyxpiswx3b9hhp8wl740hqx9kv3-util-linux-2.42.2-swap
  /nix/store/hys01ndcm83wkalvxkhif1ngkx2wlvq3-util-linux-minimal-2.42.2-bin
  /nix/store/dhd6pn549sfkyqdbv55s1xb9a0jva8w9-util-linux-minimal-2.42.2-lib
  /nix/store/bkg6nhngyxa554iygqa7yvra4m8474xv-util-linux-minimal-2.42.2-login
  /nix/store/zm7x2q36vaz4rmz872km71xrnjpnclkl-util-linux-minimal-2.42.2-mount
  /nix/store/jyshc19w2iyff1wc8nfkldg445r29xrr-util-linux-minimal-2.42.2-swap
  /nix/store/cg3p0wi1ry7pi80fc5w12dpsxsmr0l3j-vde2-2.3.3
  /nix/store/dj7p1cjwzp315kbpl33pbd1x4rmksdqi-vhost-device-vsock-0.3.0
  /nix/store/dw3x07sr1hd5p1s49xd3rfpiah5v8amw-which-2.23
  /nix/store/1b5zq3p28iaikfg0xlv1mzqn3wgwgj6r-which-2.23-info
  /nix/store/qwgl3alhsablynimlv4anbqr5s8196nw-which-2.23-man
  /nix/store/x9kxhhzhnfbqaw79sl8nvb9d2pdqwlc8-xauth-1.1.5
  /nix/store/rdw0n35z6xhipyiq6sc8qv0mg7vrldaj-xgcc-15.2.0-libgcc
  /nix/store/vzfd7z3jlxnzm5c4ramx8wnrzg6zk4ac-xwininfo-1.1.6
  /nix/store/0ll8j4gj5x2zs020dhhi02fhv3f5whvl-xxhash-0.8.3
  /nix/store/yyl2a2i8fpnip00fqpw613znhxpqn3vy-xz-5.8.3
  /nix/store/8373r1712mm8arv96fxznzsxm7bdvqm4-xz-5.8.3-bin
  /nix/store/1vvj459fvxg8f1crw0z3i0da3pnknqbb-xz-5.8.3-doc
  /nix/store/x8wklkdv7826qnmxcjlqj7dz98487fnv-xz-5.8.3-man
  /nix/store/yq335q9gkpbpm9z7vzfcfngydldpj6q4-zlib-1.3.2
  /nix/store/q2lxgfv5j6iiqnp6yw66i85h905g1257-zlib-1.3.2-static
  /nix/store/cwrzplb333jy04vyv5k3x80jkmc42sy8-zstd-1.5.7
  /nix/store/bv7f9n0q8ypr5pmy5vxyhqzbz9cimdii-zstd-1.5.7-bin
  /nix/store/sfy2sfgamdqyz44nckpfp6n84a3khwr0-zstd-1.5.7-man
copying path '/nix/store/qqlrkblzhy8mkrrgz5d1vaxn14v98d0r-die-hook' from 'https://cache.nixos.org'...
copying path '/nix/store/gpz1bjn2s76dqpfji61f0maksibp3bq6-55-nixos-aslr-entropy.conf' from 'https://cache.nixos.org'...
copying path '/nix/store/rc5i0xgp7s5ph280hs7xsx33qmh8xpi5-acl-2.4.0-doc' from 'https://cache.nixos.org'...
copying path '/nix/store/373aqrg57wpip0arcfrhlyv1zxx9dbjd-acl-2.4.0-man' from 'https://cache.nixos.org'...
copying path '/nix/store/lm4wg5hhxlmrsxm9czrmys0yk7d74ah7-attr-2.6.0-doc' from 'https://cache.nixos.org'...
copying path '/nix/store/4wczb0xssqg1rqgxsykwc2cnnvvs407k-attr-2.6.0-man' from 'https://cache.nixos.org'...
copying path '/nix/store/gy39f2cwh428l1j4xb570dhf1h6l861r-bash-completion-2.17.0' from 'https://cache.nixos.org'...
copying path '/nix/store/j5wssm0i20lr5kwiqd1mk9ghfd2hiksq-bash-interactive-5.3p9-info' from 'https://cache.nixos.org'...
copying path '/nix/store/26ffr5bwnsa0f6k0hxnpdv1b20w1v086-bzip2-1.0.8-man' from 'https://cache.nixos.org'...
copying path '/nix/store/p7d5iwjcws9nqpq4j6scycbpfgc3bs8n-coreutils-full-9.11-info' from 'https://cache.nixos.org'...
copying path '/nix/store/hx2ghzi4sapjw1mqhxp7l0knsajjg3n0-curl-8.21.0-man' from 'https://cache.nixos.org'...
copying path '/nix/store/ydklj1k189rqj741rq0klpbx6vbizfkd-dbus-1.16.2-doc' from 'https://cache.nixos.org'...
copying path '/nix/store/bmi7h6s5agcrv34slyirf3nj9kj86wfw-bash-interactive-5.3p9-man' from 'https://cache.nixos.org'...
copying path '/nix/store/83hisfkjd6s0w7djkh1i4szi0mmd9a83-bind-9.20.26-man' from 'https://cache.nixos.org'...
copying path '/nix/store/pm85gjyp3i7s9cg0c4n22r7nq6gfali1-dbus-1.16.2-man' from 'https://cache.nixos.org'...
copying path '/nix/store/63qk8qa0ppfhc7w7sknd17l6d56qgba3-diffutils-3.12-info' from 'https://cache.nixos.org'...
copying path '/nix/store/473m2zam5zgd23yzzqk95fawmsnb8x4m-bash-interactive-5.3p9-doc' from 'https://cache.nixos.org'...
copying path '/nix/store/1cv23lq6wrnq248cwjn4g21w7qvk8y0y-find-xml-catalogs-hook' from 'https://cache.nixos.org'...
copying path '/nix/store/23b28m04pxhn5qamkz76lpikcvby71da-install-shell-files' from 'https://cache.nixos.org'...
copying path '/nix/store/14jj8966lr7nxqgvw6ar34680isyhlm0-perl5.42.0-File-Copy-Recursive-0.45' from 'https://cache.nixos.org'...
copying path '/nix/store/hcd2dqyhph6ws25xihz146i9lync7mw7-perl5.42.0-JSON-4.10' from 'https://cache.nixos.org'...
copying path '/nix/store/s9d9d9lqw8cmbs7y2i9hlm7mcsv1zgyg-perl5.42.0-List-Compare-0.55' from 'https://cache.nixos.org'...
copying path '/nix/store/vpg6mzyllcwl92c5v4k4j9k4jxyci150-perl5.42.0-XML-NamespaceSupport-1.12' from 'https://cache.nixos.org'...
copying path '/nix/store/4fg6jxqcrn62v8azwp18wxnckmvslgpy-stub-ld-x86_64-unknown-linux-musl' from 'https://cache.nixos.org'...
copying path '/nix/store/2fdgnh91naxy1x97z5yqq9x62ckcba38-fc-53-nixos-reject-type1.conf' from 'https://cache.nixos.org'...
copying path '/nix/store/8dlc57g0dhqz23lglkp9smdjf6jg6qpp-fc-10-nixos-rendering.conf' from 'https://cache.nixos.org'...
copying path '/nix/store/ic92a2fgk4fmgm1sh9grdrz6mia9may1-dns-root-data-2025-04-14' from 'https://cache.nixos.org'...
copying path '/nix/store/fp6wnyklwzdncp0nvhdy9d5fnir0mjq5-libunistring-1.4.2' from 'https://cache.nixos.org'...
copying path '/nix/store/s7cplhxs9j04pxpd2bfks14y1g7wcv4w-fc-52-nixos-default-fonts.conf' from 'https://cache.nixos.org'...
copying path '/nix/store/mgcyw5524xd76f7zfbfj6r1wm00gn1xi-fc-53-no-bitmaps.conf' from 'https://cache.nixos.org'...
copying path '/nix/store/3nkqlnrl1qs7cyr7jhphz68vnc6zaava-hostname-debian-3.25-man' from 'https://cache.nixos.org'...
copying path '/nix/store/vy1whdpg77lh67h13i2j0p2146xgmabc-nix-manual-2.34.8' from 'https://cache.nixos.org'...
copying path '/nix/store/32zyi24q3mzzza5gh2pym4hffll6l7sf-nix-manual-2.34.8-man' from 'https://cache.nixos.org'...
copying path '/nix/store/zpv60xrsd2fpzy39s3rhmiwy2z2cm5jz-linux-headers-static-6.18.7' from 'https://cache.nixos.org'...
copying path '/nix/store/xvdf2dnj66vyyi0jjwxr17qjk0v3w8fp-nix-wallpaper-simple-dark-gray_bootloader.png' from 'https://cache.nixos.org'...
copying path '/nix/store/1nnsca2xfhhz8xkadcpy4hv2kwffs0zy-dejavu-fonts-minimal-2.37' from 'https://cache.nixos.org'...
copying path '/nix/store/q2lxgfv5j6iiqnp6yw66i85h905g1257-zlib-1.3.2-static' from 'https://cache.nixos.org'...
copying path '/nix/store/dmpn2sl84sqf9fskr16qwp4pbs5nm729-linux-headers-6.18.7' from 'https://cache.nixos.org'...
copying path '/nix/store/9h5k98byybph3lmgwbxxnhhxi2a3laah-publicsuffix-list-0-unstable-2026-05-13' from 'https://cache.nixos.org'...
copying path '/nix/store/wwhm0n9h6pvmkjd7v3c9gxf79p8npn6z-hashed-password.root' from 'https://cache.nixos.org'...
copying path '/nix/store/wjn2kkmswxldfbqgjai4vf92wd9z1p2k-busybox-1.37.0' from 'https://cache.nixos.org'...
copying path '/nix/store/rdw0n35z6xhipyiq6sc8qv0mg7vrldaj-xgcc-15.2.0-libgcc' from 'https://cache.nixos.org'...
copying path '/nix/store/yf2c1gngi2dqvgni1rgvnixxc0d8di02-gcc-15.2.0-libgcc' from 'https://cache.nixos.org'...
copying path '/nix/store/4h1an4wxr2hgvlz4xs253a1xzygzrrfx-mailcap-2.1.54' from 'https://cache.nixos.org'...
copying path '/nix/store/xidgjdv05b8yz6w6qrhk4mmjxm4l2zjf-libidn2-2.3.8' from 'https://cache.nixos.org'...
copying path '/nix/store/whnzhhywhswb2ch34rdsppwir53817zb-tzdata-2026c' from 'https://cache.nixos.org'...
copying path '/nix/store/finpdyscmk3xzcvrp6yxhxkwa6xqnwdp-gnu-config-2024-01-01' from 'https://cache.nixos.org'...
copying path '/nix/store/nixlfdxxs8y05ib74cn1bxi41c95r0rp-liburing-2.14' from 'https://cache.nixos.org'...
copying path '/nix/store/sv8yrc7337lvpr6k09jsmkdkic75njy8-simple-dark-gray-bootloader-2018-08-28' from 'https://cache.nixos.org'...
copying path '/nix/store/pbc57ybfzbq09nqvh6h50qb994i4mqvc-util-linux-2.42.2' from 'https://cache.nixos.org'...
copying path '/nix/store/3zw61qx1c914kxgjj2ayfi0xyh4gwccr-fontconfig-2.17.1' from 'https://cache.nixos.org'...
copying path '/nix/store/wzx8dd89lbqjz5qx3agrxqcbw83hfpxn-ensure-all-wrappers-paths-exist' from 'https://cache.nixos.org'...
copying path '/nix/store/q1bm68zxq6gda6z0i416gaq87qxvyxwp-fc-cache' from 'https://cache.nixos.org'...
copying path '/nix/store/ackz66vvxyrl3di7r8z1v35vfhflhm0s-glibc-locales-2.42-84' from 'https://cache.nixos.org'...
copying path '/nix/store/w90daicl6qg2aj8n6924wr3spk3c1kyf-users-groups.json' from 'https://cache.nixos.org'...
copying path '/nix/store/yj2hx0wm1fb37h3mfzfyb374492ylfx8-initrd-linux-6.18.52' from 'https://cache.nixos.org'...
copying path '/nix/store/j6kpyx2531aaqrspm3jkxvbwndcc4rba-linux-6.18.52' from 'https://cache.nixos.org'...
copying path '/nix/store/3c1xkvvvmm4cwikxwf7cf54qmbs1gq3q-dosfstools-4.2-doc' from 'https://cache.nixos.org'...
copying path '/nix/store/n6v8shx1hjx1ambd66ypjfn04xgq8h55-dosfstools-4.2-man' from 'https://cache.nixos.org'...
copying path '/nix/store/rkiwrqh8g6gs5rws4bf1s3mrdcs15gm9-glibc-2.42-84' from 'https://cache.nixos.org'...
copying path '/nix/store/4x1gvd85dnl0y28bdday6dsxnh9kmwrz-e2fsprogs-1.47.4-info' from 'https://cache.nixos.org'...
copying path '/nix/store/glpgfn5wqqvbq02jk18sdm3qxq41k2d5-update-autotools-gnu-config-scripts-hook' from 'https://cache.nixos.org'...
copying path '/nix/store/68bpnjri6lp8sbwqma6jppg1ajwm8bz3-e2fsprogs-1.47.4-man' from 'https://cache.nixos.org'...
copying path '/nix/store/5qgb2ydzz1pyg4fh8wm65v2zvjikbd6g-findutils-4.10.0-info' from 'https://cache.nixos.org'...
copying path '/nix/store/sxzp783fvfd380js5qsks6i981v33p2j-fuse-2.9.9-man' from 'https://cache.nixos.org'...
copying path '/nix/store/5kf6grw34nm63bdkq8fi8jm9h6pc635i-fuse-3.17.4-man' from 'https://cache.nixos.org'...
copying path '/nix/store/ql16kpaw66v8ybr22mx3rncjg3zcxdz9-fc-00-nixos-cache.conf' from 'https://cache.nixos.org'...
copying path '/nix/store/y8fljlv1ykwi1s4fvp44jwsm4kk2yw5c-gawk-5.4.1-info' from 'https://cache.nixos.org'...
copying path '/nix/store/jka6c00mcbm5cphigwc2z1nlpfnpqjff-gawk-5.4.1-man' from 'https://cache.nixos.org'...
copying path '/nix/store/5isd4imdslwzdfa20rbkbx7z3h8i2vhx-gnugrep-3.12-info' from 'https://cache.nixos.org'...
copying path '/nix/store/zsk8f4l4aqyxl1b5xs4qqnz4g1kfvqhb-gnused-4.10-info' from 'https://cache.nixos.org'...
copying path '/nix/store/v0k0kya67m67d4dl1wr1djcvxnsx4hy7-gnutar-1.35-info' from 'https://cache.nixos.org'...
copying path '/nix/store/q4sdigrvdnq2x8h7vzj4dsmy8814mmfm-gzip-1.14-info' from 'https://cache.nixos.org'...
copying path '/nix/store/xjn0bcc78nd2x4i9qzla0ma8qg019zhv-gzip-1.14-man' from 'https://cache.nixos.org'...
copying path '/nix/store/645ffiwkf9krhrif0c0g809r4v728cwl-hicolor-icon-theme-0.18' from 'https://cache.nixos.org'...
copying path '/nix/store/dby6q9025zc8yr79gz4g6skdgddzdchw-iana-etc-20251215' from 'https://cache.nixos.org'...
copying path '/nix/store/68pvrm29yxgl7qyc4jmvd822699zp41w-iptables-1.8.13-man' from 'https://cache.nixos.org'...
copying path '/nix/store/rpg2z447qgc5jc3hv2j4kif34472yj77-iputils-20250605-man' from 'https://cache.nixos.org'...
copying path '/nix/store/wj54mvz4936ws68aw09sawhjfwikajvz-kbd-2.9.0-man' from 'https://cache.nixos.org'...
copying path '/nix/store/ax17pgilp5br0k3a9wxdskr13w8v235v-fontconfig-conf' from 'https://cache.nixos.org'...
copying path '/nix/store/pm0fh0s1q3dnzfrsi211xiibwqjpwbdk-kmod-31-man' from 'https://cache.nixos.org'...
copying path '/nix/store/35mizn7gqfbrr4bq08xnwkrs9a1h95sw-kmod-blacklist-31+20240202-2ubuntu8' from 'https://cache.nixos.org'...
copying path '/nix/store/jbfx9xkq8v4w261nii2w38k2pfyccc99-kmod-debian-aliases.conf-30+20230601-2' from 'https://cache.nixos.org'...
copying path '/nix/store/8mxxijhig8dnc5gvdhlv4hbk7fq0d75x-less-692-man' from 'https://cache.nixos.org'...
copying path '/nix/store/y24c6yzbvzdh7h440kv1q9rknc147qww-libcap-2.77-doc' from 'https://cache.nixos.org'...
copying path '/nix/store/m9a2qrn979n7myn4n7kdarh7n1hrify9-libcap-2.77-man' from 'https://cache.nixos.org'...
copying path '/nix/store/lf3h4pqig3w2zb4akdf0z74i85s5vwjx-libressl-4.2.1-man' from 'https://cache.nixos.org'...
copying path '/nix/store/ay9sdagr8g9lvi5bf21j8j9w8bbbsvp9-linux-6.18.52-modules' from 'https://cache.nixos.org'...
copying path '/nix/store/ni79xh4wh8g3dqyrk7987hwjb1v9mmpq-linux-pam-1.7.2-doc' from 'https://cache.nixos.org'...
copying path '/nix/store/f236sf4m8k906z7z1snyiqhhx5rixldb-linux-pam-1.7.2-man' from 'https://cache.nixos.org'...
copying path '/nix/store/0h79bqb3njwk451cqmmr5pri44441zxi-lvm2-2.03.39-man' from 'https://cache.nixos.org'...
copying path '/nix/store/i33yswfvkv0xaswa88jmrbkwfnr5xbff-man-db-2.13.1-doc' from 'https://cache.nixos.org'...
copying path '/nix/store/ss8v0zbq6kfs8sdzs633cl5vg2xqd87f-mkpasswd-5.6.6-man' from 'https://cache.nixos.org'...
copying path '/nix/store/zy26zpbw7jdpz9ihvcmgvamgnhyagblw-nano-9.2-doc' from 'https://cache.nixos.org'...
copying path '/nix/store/8kv21laz1dzkxz4rgvgg9x8rqysnpap6-nano-9.2-info' from 'https://cache.nixos.org'...
copying path '/nix/store/43pqxfdl3h8jn342r9acbsz2r9mwq706-nano-9.2-man' from 'https://cache.nixos.org'...
copying path '/nix/store/sf7gi6cimjskcgzxrcqcklgh0w8jrjal-ncurses-6.6-man' from 'https://cache.nixos.org'...
copying path '/nix/store/f3grx6lxwfwgp7b67nm6pmn2jaj36ks8-nix-2.34.8-doc' from 'https://cache.nixos.org'...
copying path '/nix/store/522krjbbz4q8n9w7rw3jphzf1j5wap59-nix-2.34.8-man' from 'https://cache.nixos.org'...
copying path '/nix/store/bnw3y00wxknbr16xf7cpc0p67391acig-nix-bash-completions-0.6.8' from 'https://cache.nixos.org'...
copying path '/nix/store/axl12yr00f105bjqvj628f5f0s6r0cnp-bash-5.3p9' from 'https://cache.nixos.org'...
copying path '/nix/store/h80h3ffln9pmxs272b0agqn5bdpyzbk1-pcre2-10.46' from 'https://cache.nixos.org'...
copying path '/nix/store/2nlcvqyhi3lpb28zwpbilp7sa76fq2wr-lndir-1.0.5' from 'https://cache.nixos.org'...
copying path '/nix/store/xfdmk6rwv91l5fiysl8xq7w685bma6d5-liburcu-0.15.6' from 'https://cache.nixos.org'...
copying path '/nix/store/63419mxzsh0mv078xypi7knadl1mx7p4-nghttp2-1.69.0-lib' from 'https://cache.nixos.org'...
copying path '/nix/store/8xq69dyynsbzb5ryr8x5l55h60hb3jaf-brotli-1.2.0-lib' from 'https://cache.nixos.org'...
copying path '/nix/store/kny04dy30q964wnsh8wzkrrvgl0gyacx-libpsl-0.21.5' from 'https://cache.nixos.org'...
copying path '/nix/store/p66pcf4rnx9xgs4spdbmh58hsr8ch8x9-nghttp3-1.15.0' from 'https://cache.nixos.org'...
copying path '/nix/store/5yycj3f69a8q041wiiizq23s3wi64yyz-libapparmor-4.1.7' from 'https://cache.nixos.org'...
copying path '/nix/store/3dnq5b3jd0bpnvc19w8dyx2byl2dhq3d-c-rbtree-3.2.0' from 'https://cache.nixos.org'...
copying path '/nix/store/vjcg9s005s0fcna1s423dfwrjsj7czp9-c-shquote-1.1.0' from 'https://cache.nixos.org'...
copying path '/nix/store/368aipn6s922sl4v70vs0fvr800fjqkn-hwloc-2.13.0-lib' from 'https://cache.nixos.org'...
copying path '/nix/store/gvibii4aq3h2bxazjql5h9d4fncql0xw-libyaml-0.2.5' from 'https://cache.nixos.org'...
copying path '/nix/store/53s7nxi6k9ij09si7rr7qjcvr1jc257j-expand-response-params' from 'https://cache.nixos.org'...
copying path '/nix/store/mzcxsv4qgymhbff4qxy1d02mln8g9553-glibc-2.42-84-getent' from 'https://cache.nixos.org'...
copying path '/nix/store/bpjwzx5qrfcpfnnl18nj6xxx6mpm5bqm-make-shell-wrapper-hook' from 'https://cache.nixos.org'...
copying path '/nix/store/17gvdyp5n1rpp8d3qh7zh45jh84jqb36-libselinux-3.10' from 'https://cache.nixos.org'...
copying path '/nix/store/14nvl13g8my4b5kqcb54ryai4g6k32ay-npth-1.8' from 'https://cache.nixos.org'...
copying path '/nix/store/l39cw10s7gfyll6vy2m5h4ghi5rp6la8-libgpg-error-1.59' from 'https://cache.nixos.org'...
copying path '/nix/store/wi3zfcljza6z8kzr5i6cr44nljqwv84k-pcsclite-2.4.1-lib' from 'https://cache.nixos.org'...
copying path '/nix/store/mc2i2gxbs2hgmndi76r5z8lg0hvfn6ac-libtasn1-4.21.0' from 'https://cache.nixos.org'...
copying path '/nix/store/wbnc6gj6vixik6f07ivjxm75rvcqqp9p-hostname-debian-3.25' from 'https://cache.nixos.org'...
copying path '/nix/store/7lqz51fmk5vqjsikfkayifklss9q872c-libmnl-1.0.5' from 'https://cache.nixos.org'...
copying path '/nix/store/vhi024vi244ch6l2i1mbw5y3rn8ni1hz-libnfnetlink-1.0.2' from 'https://cache.nixos.org'...
copying path '/nix/store/7skd9ipk98z4rcasxfamvpw0sjddx46x-c-ini-1.1.0' from 'https://cache.nixos.org'...
copying path '/nix/store/2n1rzjngpw6bfb8r9gk5457rm0hp5da5-libcap-2.77-lib' from 'https://cache.nixos.org'...
copying path '/nix/store/g7jfv8nvq7md3bsnfzn6d9ra897qx9mb-oniguruma-6.9.10-lib' from 'https://cache.nixos.org'...
copying path '/nix/store/r6yxkck8k1p21v9yn6yiq7ymknfal2wk-libnl-3.12.0' from 'https://cache.nixos.org'...
copying path '/nix/store/pgv91v0gldlbfqz7l39bcg27wpqwqffj-libressl-4.2.1' from 'https://cache.nixos.org'...
copying path '/nix/store/gm9fps4n89sjczi2cy9lf60yfd9jsq11-libdeflate-1.25' from 'https://cache.nixos.org'...
copying path '/nix/store/ka5dyx2ammky5biplc2fmfdlqk1s4rka-libxcrypt-4.5.2' from 'https://cache.nixos.org'...
copying path '/nix/store/3mfkj0xvz1khmf27zm1m3gl852vnh33n-libpipeline-1.5.8' from 'https://cache.nixos.org'...
copying path '/nix/store/163bkj6bis0jkzgnwkgb1nqkp3r3hhjw-system-sendmail-1.0' from 'https://cache.nixos.org'...
copying path '/nix/store/fnxyis8hq09pg6wf3a19r3dryhpa70hm-llhttp-9.4.3' from 'https://cache.nixos.org'...
copying path '/nix/store/0ll8j4gj5x2zs020dhhi02fhv3f5whvl-xxhash-0.8.3' from 'https://cache.nixos.org'...
copying path '/nix/store/262a1v2z92sbgqhh7k9n694hjbpvv3gy-lz4-1.10.0-lib' from 'https://cache.nixos.org'...
copying path '/nix/store/chlbjg1d96p7ycs0ii2vzli9ir8wfnny-libgcrypt-1.12.2-lib' from 'https://cache.nixos.org'...
copying path '/nix/store/5ds7g1jivc5zwq9f9bpmdcrc89ihsfdi-libassuan-3.0.2' from 'https://cache.nixos.org'...
copying path '/nix/store/lj02hb532h7qgnh7q01wp2h94pzlmn0x-libksba-1.6.7' from 'https://cache.nixos.org'...
copying path '/nix/store/c5mff94iwjyphlz09z48cy12ip2g0c5b-popt-1.19' from 'https://cache.nixos.org'...
copying path '/nix/store/br3kk670izpi3wk1a1x3h3ds2scwrb4q-libnftnl-1.3.1' from 'https://cache.nixos.org'...
copying path '/nix/store/ris03i1kzchd6rrv7l7ml484m1vbmd2b-libnetfilter_conntrack-1.1.1' from 'https://cache.nixos.org'...
copying path '/nix/store/h0yak3ylcd0mnmmp0adwyylnj01fmc6s-qrencode-4.1.1' from 'https://cache.nixos.org'...
copying path '/nix/store/1w9qgjv9pcmgqmlzrdc0qml4nfsp5p2f-libxau-1.0.12' from 'https://cache.nixos.org'...
copying path '/nix/store/0gl0nppk9is1g0n5kbkrrwwxc2x10svz-libuv-1.52.1' from 'https://cache.nixos.org'...
copying path '/nix/store/bkg6nhngyxa554iygqa7yvra4m8474xv-util-linux-minimal-2.42.2-login' from 'https://cache.nixos.org'...
copying path '/nix/store/ifr3klyh11x9h0ia0nb29dfpz0i3n80q-fstrm-0.6.1' from 'https://cache.nixos.org'...
copying path '/nix/store/pchzydz75zn1hr1066qizjfph0j2sgaq-protobuf-c-1.5.2-lib' from 'https://cache.nixos.org'...
copying path '/nix/store/5b67dxvgn5pnwgcfnx8dndhqi86z8f57-c-utf8-1.1.0' from 'https://cache.nixos.org'...
copying path '/nix/store/20mr5gacgcc6zrxgmxnlbiy27y0h50w5-json-c-0.18' from 'https://cache.nixos.org'...
copying path '/nix/store/n22dkvywg4pb1jpb77mvkdw9cpzkfcpb-gmp-6.3.0' from 'https://cache.nixos.org'...
copying path '/nix/store/48lbchbfr5wv0bjn82c3dp2shzff9dl8-keyutils-1.6.3-lib' from 'https://cache.nixos.org'...
copying path '/nix/store/ks9052xf73bpfdpb0k17vfp96k4xa116-libmd-1.1.0' from 'https://cache.nixos.org'...
copying path '/nix/store/9zr8qwk1k6i214vp6laala7j7bfr7f3q-iptables-1.8.13-lib' from 'https://cache.nixos.org'...
copying path '/nix/store/fcrr8692fi7xlslpnsfzridgq4zpba4z-giflib-5.2.2' from 'https://cache.nixos.org'...
copying path '/nix/store/zmvh477q8s2yygyhlwrnw3v75lmw58ap-libxdmcp-1.1.5' from 'https://cache.nixos.org'...
copying path '/nix/store/gbcr78rnf04vxakmbjb04lxfbz9nrh4s-libtool-2.5.4-lib' from 'https://cache.nixos.org'...
copying path '/nix/store/y8diipgc1sfnjgqh9jmddl30hwyq1v2k-libsodium-1.0.22-unstable-2026-04-09' from 'https://cache.nixos.org'...
copying path '/nix/store/kgmry3yifiziqmamn88gdsv1jpkba753-libevent-2.1.13' from 'https://cache.nixos.org'...
copying path '/nix/store/rpb8jg53s0zdlgbpwla0k3fp2k14y2is-libice-1.1.2' from 'https://cache.nixos.org'...
copying path '/nix/store/z3xvbk2zm2mhzrydix10q2nrh7cm0dmx-editline-1.17.1-unstable-2025-05-24' from 'https://cache.nixos.org'...
copying path '/nix/store/z64mh2dl048byg0dvq94sd5yibdd68n8-lowdown-3.0.1-lib' from 'https://cache.nixos.org'...
copying path '/nix/store/l728zbndr6mzdxw0p77679n6n19z0vwx-aws-c-common-0.12.4' from 'https://cache.nixos.org'...
copying path '/nix/store/an0pdl343wfscr5ki91z450q89i58da4-libcpuid-0.8.1' from 'https://cache.nixos.org'...
copying path '/nix/store/snw76ws3hch3r6as3wwk5zg22sdgc12y-c-dvar-1.2.0' from 'https://cache.nixos.org'...
copying path '/nix/store/3b7njvjfc2w5lhj1jklrsw4lq7nwypri-gcc-15.2.0-lib' from 'https://cache.nixos.org'...
copying path '/nix/store/yq335q9gkpbpm9z7vzfcfngydldpj6q4-zlib-1.3.2' from 'https://cache.nixos.org'...
copying path '/nix/store/fnfzxz5x42p8wqp852kn6mskijqljphk-mpfr-4.2.2' from 'https://cache.nixos.org'...
copying path '/nix/store/a5gy98kc61babxrqvmsmxhpkw3yykax1-libbsd-0.12.2' from 'https://cache.nixos.org'...
copying path '/nix/store/b9c155jq2sjw757ywkazvlnl9kyjmcc7-libxcb-1.17.0' from 'https://cache.nixos.org'...
copying path '/nix/store/qq5xqq26g23xp1w38208595305m9vfn8-isl-0.20' from 'https://cache.nixos.org'...
copying path '/nix/store/4fp03lf9dal1jcpa5fr3ayjq7ff1bkji-gzip-1.14' from 'https://cache.nixos.org'...
copying path '/nix/store/q1w855dvrm32p15r256k4c9srlr8z5b5-attr-2.6.0' from 'https://cache.nixos.org'...
copying path '/nix/store/cwr0fxlfy7jzfxwz2wyhd30a3bzw7vx1-gnused-4.10' from 'https://cache.nixos.org'...
copying path '/nix/store/h5fj8jq0n0aal756qac3b24lc1zjnqjw-bzip2-1.0.8' from 'https://cache.nixos.org'...
copying path '/nix/store/jrf0jzrrgiqxhk2kzc7qvc9qpivm86ns-gnumake-4.4.1' from 'https://cache.nixos.org'...
copying path '/nix/store/l048yqk8sv2lpz14ww39bqc3vzcmlz6m-gawk-5.4.1' from 'https://cache.nixos.org'...
copying path '/nix/store/frljwrcd9gl19l5ybmwqn19wjzphiy0i-acl-2.4.0' from 'https://cache.nixos.org'...
copying path '/nix/store/vsqcz7g7ibkzhyrwnwpq78vlchs27zr2-aws-checksums-0.2.7' from 'https://cache.nixos.org'...
copying path '/nix/store/dh40sffzjpsj4plapaa23jc5nmkxvya5-aws-c-sdkutils-0.2.4' from 'https://cache.nixos.org'...
copying path '/nix/store/igylj5pxlsw29v690spfvsmx8fb0s8x6-aws-c-compression-0.3.1' from 'https://cache.nixos.org'...
copying path '/nix/store/hzh5y9d3hjgv7dba7psyxqwfxss4skjx-binutils-2.46-lib' from 'https://cache.nixos.org'...
copying path '/nix/store/wmk64kxbdsd3z2zlpwdr4pgsg05yfn2j-file-5.47' from 'https://cache.nixos.org'...
copying path '/nix/store/4n9y74ivkrqfnki5s39fhi16p97pr5rn-cracklib-2.10.3' from 'https://cache.nixos.org'...
copying path '/nix/store/9ncd81d1p1rpk2ik6iz50vjb29204hz9-libmpc-1.4.0' from 'https://cache.nixos.org'...
copying path '/nix/store/g4fbgh99yml0wr57798brfl64iwdbpd2-binutils-2.46-lib' from 'https://cache.nixos.org'...
copying path '/nix/store/3wbppfzpwj9kwkfrx9bkg99fbmr49p9q-file-5.47' from 'https://cache.nixos.org'...
copying path '/nix/store/2g9xwk5kis01003gynr7xfca667dpgv8-libx11-1.8.13' from 'https://cache.nixos.org'...
copying path '/nix/store/kk9ka2nhq5vr4yaanz865kryj88gbiik-bzip2-1.0.8-bin' from 'https://cache.nixos.org'...
copying path '/nix/store/k8fjr9ylxlcl993jx702dw7vbx281fp9-make-initrd-ng-0.1.0' from 'https://cache.nixos.org'...
copying path '/nix/store/w6f1fnc7s3mmv6iq5j97468hi13y0z58-nsncd-1.5.2' from 'https://cache.nixos.org'...
copying path '/nix/store/qk6zra0nzif7r1d2anl9vyfc9iwa99ps-jemalloc-5.3.1' from 'https://cache.nixos.org'...
copying path '/nix/store/mldlrh14scy9avywnpalp1v8vxivq9k0-gmp-with-cxx-6.3.0' from 'https://cache.nixos.org'...
copying path '/nix/store/zcgmdqby7fr05v3p68yahr78ldvhdy0r-db-5.3.28' from 'https://cache.nixos.org'...
copying path '/nix/store/b2n3ncpgimqz08v0d1l7c08bp10361fz-lerc-4.1.1' from 'https://cache.nixos.org'...
copying path '/nix/store/zgp83rnq596nhx7dfwd5hjid87p2csny-db-4.8.30' from 'https://cache.nixos.org'...
copying path '/nix/store/lhlwfdrvy8mdvj6al3rr7rrpzkw1gxg1-groff-1.24.1' from 'https://cache.nixos.org'...
copying path '/nix/store/x2dqnhm3gpmk9z9zi9b3rslyqgk0wl2g-onetbb-2022.3.0' from 'https://cache.nixos.org'...
copying path '/nix/store/9yvl4pqvlxfcbh1d3rcbr0l7zr5dsc57-icu4c-76.1' from 'https://cache.nixos.org'...
copying path '/nix/store/zb1a1ldf8cn0rr9waq4gnsnnq48mbx1s-boehm-gc-8.2.12' from 'https://cache.nixos.org'...
copying path '/nix/store/dj7p1cjwzp315kbpl33pbd1x4rmksdqi-vhost-device-vsock-0.3.0' from 'https://cache.nixos.org'...
copying path '/nix/store/yf3hn3f26awvriklbigz4cyjp67mwxgf-nettle-3.10.2' from 'https://cache.nixos.org'...
copying path '/nix/store/dlc15l4hkvg3g0qwxaxh5ggi26i4y1kz-jemalloc-5.3.1' from 'https://cache.nixos.org'...
copying path '/nix/store/igij6pvja1yvldp3w5ydlpswqzwsr8s6-patchelf-0.15.2' from 'https://cache.nixos.org'...
copying path '/nix/store/0kbdz7lqam74236c5lc6sm0fkvmypifv-gmp-with-cxx-6.3.0' from 'https://cache.nixos.org'...
copying path '/nix/store/plpn1m2r90invcrdw48kdrl65q379sq2-gnutar-1.35' from 'https://cache.nixos.org'...
copying path '/nix/store/63wdfxcylc7rzym8iwhv84yppg8gj3vv-binutils-2.46' from 'https://cache.nixos.org'...
copying path '/nix/store/x3mmarawk8qkqf3257aidf7cljax6mc8-gnugrep-3.12' from 'https://cache.nixos.org'...
copying path '/nix/store/c9asg9zdzspijnqay6jz1ddsxpaa2dvw-libxext-1.3.7' from 'https://cache.nixos.org'...
copying path '/nix/store/xr7dwzhzcrw95yszlqqx78vclfcpk6f7-jq-1.8.2' from 'https://cache.nixos.org'...
copying path '/nix/store/y5ja6al7z4d3jdnjc5ppiis1n7y7s74c-libblake3-1.8.5' from 'https://cache.nixos.org'...
copying path '/nix/store/8r5hdxay0yppzziids9yzlbwz8bhlnfl-netpbm-11.13.3' from 'https://cache.nixos.org'...
copying path '/nix/store/91k0lrx7dvacq05b4sxibj0nc5gdh68x-libjpeg-turbo-3.1.4' from 'https://cache.nixos.org'...
copying path '/nix/store/a86nzh8cmsrgvqv22by83x2fr2d1ximy-libxml2-2.15.3' from 'https://cache.nixos.org'...
copying path '/nix/store/g1x3nlc4gv5ibb462nh3sc239rd44dm1-jbigkit-2.1' from 'https://cache.nixos.org'...
copying path '/nix/store/w253vzqggrlgdgiz79q0mhwwz4q2ckzm-libpng-apng-1.6.58' from 'https://cache.nixos.org'...
copying path '/nix/store/586h1kbpfxq4av4c4kmmva2ifnww9gqs-unbound-1.26.0-lib' from 'https://cache.nixos.org'...
copying path '/nix/store/9f6r041gl46jjdvjmask1pb9jw25d0as-ruff-0.15.14' from 'https://cache.nixos.org'...
copying path '/nix/store/x67rpnmwdbh8sy1qy3ffknmavbkaxicq-ty-0.0.38' from 'https://cache.nixos.org'...
copying path '/nix/store/61685rbaxmpigwi3z23i33sv3jyfl70q-coreutils-9.11' from 'https://cache.nixos.org'...
copying path '/nix/store/w7lk3nmxl2mx9jabpc0achg7ar3iagdv-ed-1.22.5' from 'https://cache.nixos.org'...
copying path '/nix/store/dhd6pn549sfkyqdbv55s1xb9a0jva8w9-util-linux-minimal-2.42.2-lib' from 'https://cache.nixos.org'...
copying path '/nix/store/iyzdbzddvnpgvax38yf8x12aaiydq54d-ncurses-6.6' from 'https://cache.nixos.org'...
copying path '/nix/store/jq1i9l9wb2783bcg1k1jsjip5q10qi7f-mpdecimal-4.0.1' from 'https://cache.nixos.org'...
copying path '/nix/store/p26kxyf1s61k1fbfiv1r7fk36mkaj4jp-openssl-3.6.3' from 'https://cache.nixos.org'...
copying path '/nix/store/wm4pfgq6l2wgc2cqfvfidl5y3mc9r2xx-jq-1.8.2-bin' from 'https://cache.nixos.org'...
copying path '/nix/store/pzjyfhk4dgmm5wgma0y1m272ly2vb9gw-sqlite-3.51.2' from 'https://cache.nixos.org'...
copying path '/nix/store/qzymnjpi1lzx6si3h6kxp914l8lz3qgz-gdbm-1.26-lib' from 'https://cache.nixos.org'...
copying path '/nix/store/j0lf3mglz0rsqzky9rvbasxl4x3f2nh2-freetype-2.14.3' from 'https://cache.nixos.org'...
copying path '/nix/store/rvi5q14nxigyx4dc81dgqzmh35g7lf9d-libwebp-1.6.0' from 'https://cache.nixos.org'...
copying path '/nix/store/ws9r38pminy9z70n2dvpz4p4v7vfy90v-libffi-3.8.0' from 'https://cache.nixos.org'...
copying path '/nix/store/020qjy05kwc2dj1mi6s4fg38lfprk2zx-libxslt-1.1.45' from 'https://cache.nixos.org'...
copying path '/nix/store/1cnqsbklqng87a7hx5w3adz42n2y70pi-diffutils-3.12' from 'https://cache.nixos.org'...
copying path '/nix/store/cfw0pgnnldg564qgz12nb60wbnq7rmc6-patch-2.8' from 'https://cache.nixos.org'...
copying path '/nix/store/mss16gyh703bp856qbq7k7nra5a51pa0-e2fsprogs-1.47.4' from 'https://cache.nixos.org'...
copying path '/nix/store/jyshc19w2iyff1wc8nfkldg445r29xrr-util-linux-minimal-2.42.2-swap' from 'https://cache.nixos.org'...
copying path '/nix/store/yz1dzbmygjbn8ivvpnhw4s3ihmmrp5rs-libedit-20251016-3.1' from 'https://cache.nixos.org'...
copying path '/nix/store/zmwmglqbbc4vn3ljrd0znca15kmikbmr-p11-kit-0.26.2' from 'https://cache.nixos.org'...
copying path '/nix/store/zm7x2q36vaz4rmz872km71xrnjpnclkl-util-linux-minimal-2.42.2-mount' from 'https://cache.nixos.org'...
copying path '/nix/store/vwz96bkri7fphy8br1isqh3pqzw2zk1r-libsm-1.2.6' from 'https://cache.nixos.org'...
copying path '/nix/store/n82li8za1mykdpj921c0v4f7dr7f6vba-findutils-4.10.0' from 'https://cache.nixos.org'...
copying path '/nix/store/glyk6m67m3ayxjsbjssza725bnzy0bw7-libxslt-1.1.45-bin' from 'https://cache.nixos.org'...
copying path '/nix/store/bzk2jf62ksz06jqlkz9bf7xk8iidhcwk-jq-1.8.2-dev' from 'https://cache.nixos.org'...
copying path '/nix/store/w8mnw9h158ikd0cw5wjs9mhvqihbzbr4-perl-5.42.0' from 'https://cache.nixos.org'...
copying path '/nix/store/2c5pv97v3mzjcdy6vwvx0ssnl388n8dh-readline-8.3p3' from 'https://cache.nixos.org'...
copying path '/nix/store/x99x6r4wr8bm9s4k2363xrl8n3palbv2-expat-2.8.3' from 'https://cache.nixos.org'...
copying path '/nix/store/yyl2a2i8fpnip00fqpw613znhxpqn3vy-xz-5.8.3' from 'https://cache.nixos.org'...
copying path '/nix/store/4y2f1gr8wdm0a7gxrwwsrw817jl6g9j5-krb5-1.22.2-lib' from 'https://cache.nixos.org'...
copying path '/nix/store/ax38nz0yvfh6m8ws70zhgl1a5b7b066s-ngtcp2-1.22.1' from 'https://cache.nixos.org'...
copying path '/nix/store/3cavgp9jaq7jpvcwq3x71x4sqsygsn8w-dash-0.5.13.3' from 'https://cache.nixos.org'...
copying path '/nix/store/hmnxl4bvz7cjakbwbay26sc6c4rk1xnr-libssh2-1.11.1' from 'https://cache.nixos.org'...
copying path '/nix/store/xdz4c49xgh3k8y6qsvd30hjrks4mrgm7-ldns-1.9.2' from 'https://cache.nixos.org'...
copying path '/nix/store/mbd40iic8r2ah4l3ls6ylla2rn87z42j-libxt-1.3.1' from 'https://cache.nixos.org'...
copying path '/nix/store/kd7ylyy3nc0aj5msd6sx11bxwfb75lcd-libtpms-0.10.2' from 'https://cache.nixos.org'...
copying path '/nix/store/956g0sg5d6mfkh2a13085wgw0w2kig5h-aws-c-cal-0.9.2' from 'https://cache.nixos.org'...
copying path '/nix/store/imvv3smjdi3sd48lg1y9h2i5441y47ck-s2n-tls-1.7.6' from 'https://cache.nixos.org'...
copying path '/nix/store/3zrzn6fp2ylm7y1cya5jjsgi47ffgbdc-glib-2.88.3' from 'https://cache.nixos.org'...
copying path '/nix/store/0248m4p5xbxby1kg0xma16h44v3qi1i0-libcap-ng-0.9.3' from 'https://cache.nixos.org'...
copying path '/nix/store/9aa8kqdkr3b6n5gyhlqjxyklyndzywjy-fontconfig-2.17.1-lib' from 'https://cache.nixos.org'...
copying path '/nix/store/h3l4z7p6wny3phbckwwhy1i2g52pdnj4-python3-3.13.15' from 'https://cache.nixos.org'...
copying path '/nix/store/px978yzivbzh3kma1yj8pnzbf8ij99q8-libgit2-1.9.7-lib' from 'https://cache.nixos.org'...
copying path '/nix/store/p2k79yam5dw1mhac4h9ixw4mxkh0gvjw-socat-1.8.1.3' from 'https://cache.nixos.org'...
copying path '/nix/store/8373r1712mm8arv96fxznzsxm7bdvqm4-xz-5.8.3-bin' from 'https://cache.nixos.org'...
copying path '/nix/store/4lgw1mzn1060gqikx0d9mrzkiyb7xzi0-numactl-2.0.18' from 'https://cache.nixos.org'...
copying path '/nix/store/5c9ivvmkpdg8c7y7hnynxrsccl236a8x-gnutls-3.8.13' from 'https://cache.nixos.org'...
copying path '/nix/store/6dkims1c3w0z63l32q48afrnbds53wlf-pixman-0.46.4' from 'https://cache.nixos.org'...
copying path '/nix/store/26jzl3n1ixfqcwr74hzsgd29n5vkgfhh-libxmu-1.3.1' from 'https://cache.nixos.org'...
copying path '/nix/store/r82bqzm165b08rbfsbd25dqjlgszj1yr-bind-9.20.26-lib' from 'https://cache.nixos.org'...
copying path '/nix/store/c8z6h527k5pmayzd40wrbqv5iy8yc878-cyrus-sasl-2.1.28' from 'https://cache.nixos.org'...
copying path '/nix/store/8v41z678r634z0lhisd221dslls6mdyv-libiscsi-1.20.3' from 'https://cache.nixos.org'...
copying path '/nix/store/d0cdi1xi4d2gsgr18qdbkvd61lm64046-aws-c-io-0.27.2' from 'https://cache.nixos.org'...
copying path '/nix/store/hys01ndcm83wkalvxkhif1ngkx2wlvq3-util-linux-minimal-2.42.2-bin' from 'https://cache.nixos.org'...
copying path '/nix/store/mm5s03rgi6r3x08rj3nywqvcr8qg0dzi-audit-4.2.1-lib' from 'https://cache.nixos.org'...
copying path '/nix/store/cwrzplb333jy04vyv5k3x80jkmc42sy8-zstd-1.5.7' from 'https://cache.nixos.org'...
copying path '/nix/store/fbrmzbsak0m5kx8is8i71igsnwmhxs9q-stdenv-linux' from 'https://cache.nixos.org'...
copying path '/nix/store/fwpn1kxgpvljdrvm5r3xrfg3r9kn80w3-libcbor-0.13.0' from 'https://cache.nixos.org'...
copying path '/nix/store/hk7g64b5layfc7cmx2wphpxywld7vpbn-lzo-2.10' from 'https://cache.nixos.org'...
copying path '/nix/store/psw8wx7fchrzcbwkrilsa0186kpy4bxr-dtc-1.7.2' from 'https://cache.nixos.org'...
copying path '/nix/store/x9kxhhzhnfbqaw79sl8nvb9d2pdqwlc8-xauth-1.1.5' from 'https://cache.nixos.org'...
copying path '/nix/store/fjqfznpczbz8n5m961fwyj1k2rnc243r-libmicrohttpd-1.0.2' from 'https://cache.nixos.org'...
copying path '/nix/store/r5g1g00mfdmdkczjf2ykg52gs10a4arp-snappy-1.2.2' from 'https://cache.nixos.org'...
copying path '/nix/store/xx2yl48x4fs59da8lfqgjg5vwvsmfz83-aws-c-http-0.11.0' from 'https://cache.nixos.org'...
copying path '/nix/store/wgzvzfrf7s215805vaglmhxwxd47bswa-openldap-2.6.13' from 'https://cache.nixos.org'...
copying path '/nix/store/3bn34q2w61f3n6x1zfa59p2kx1c65qzx-aws-c-event-stream-0.7.0' from 'https://cache.nixos.org'...
building '/nix/store/d6h4qdjjidjrc88mqpzdnk7f5jl24r09-X-Restart-Triggers-dhcpcd.drv'...
copying path '/nix/store/njxgc2gff9ws5lwnrm6zvgjyxwrs240w-acl-2.4.0-bin' from 'https://cache.nixos.org'...
copying path '/nix/store/blycm46bvmfji10v32khnj8m5lvk8i1n-attr-2.6.0-bin' from 'https://cache.nixos.org'...
copying path '/nix/store/v6cm9zcc61hq7j8w1lvvr2fkcy68khw4-capstone-5.0.7' from 'https://cache.nixos.org'...
copying path '/nix/store/ym2b0aaa10qqwl7v35xnyviw289869a6-libaio-0.3.113' from 'https://cache.nixos.org'...
copying path '/nix/store/qi3zvsfzpj81g4byg94a3xd01lyllawc-libpcap-1.10.6-lib' from 'https://cache.nixos.org'...
copying path '/nix/store/yx1zv6nq4g07ydqnawqizxkcdlvjbfl6-libseccomp-2.6.1-lib' from 'https://cache.nixos.org'...
copying path '/nix/store/94k7qxzyrq9lphlkxxjmrd5vylxfaqlk-mbedtls-3.6.6' from 'https://cache.nixos.org'...
copying path '/nix/store/d8x0w5zrpzkk77fpmpknxa72p0z8grh2-systemd-minimal-libs-260.2' from 'https://cache.nixos.org'...
copying path '/nix/store/8jcxc1fc35qwrki4y1jrlqd5xys0rnkn-fuse-2.9.9' from 'https://cache.nixos.org'...
copying path '/nix/store/3nf6r9s0wd9jwpy036wygsch97wir1xp-libarchive-3.8.9-lib' from 'https://cache.nixos.org'...
building '/nix/store/ilj8gaqr4hfx5j4rns1498nqvxgm9kil-vconsole.conf.drv'...
copying path '/nix/store/lyf6bad7m4fawa2pm4mirnchv598zi9w-kmod-31-lib' from 'https://cache.nixos.org'...
copying path '/nix/store/bj86mfcd28chmjgw4kzd4xh0s9xpycyz-boost-1.89.0' from 'https://cache.nixos.org'...
building '/nix/store/a06nbinvmjkkcyj8cfhka2abqcpf274i-nixos-enter.drv'...
copying path '/nix/store/v0qc3prpymvz361njdjwnhz00glgcl18-perl5.42.0-XML-SAX-Base-1.09' from 'https://cache.nixos.org'...
copying path '/nix/store/j4pb6469kg9f8gb36rx0ryl0y25cwl2d-perl5.42.0-DBI-1.648' from 'https://cache.nixos.org'...
copying path '/nix/store/67mcz47p6f1vdnvhd90i319g0szdjgr3-perl5.42.0-String-ShellQuote-1.04' from 'https://cache.nixos.org'...
copying path '/nix/store/kp60gcpz809c0akwd3l1n2xzl05vj7ig-aws-c-auth-0.9.1' from 'https://cache.nixos.org'...
copying path '/nix/store/kshx9bb5an71j8nf3iiss5fg1aigymcr-aws-c-mqtt-0.13.3' from 'https://cache.nixos.org'...
copying path '/nix/store/vzadqbp347psdpxvpg5xw9jy7ns0psrz-libtiff-4.7.2' from 'https://cache.nixos.org'...
copying path '/nix/store/b9b1r768l5l86l7f0582fcb6ns7s93kr-fuse-3.17.4' from 'https://cache.nixos.org'...
copying path '/nix/store/cjxc4x3cnlzlcdrsi92k5i7pkn78ixnz-curl-8.21.0' from 'https://cache.nixos.org'...
building '/nix/store/kwxrrffciw725b7n17k3a6432zgw1ykq-unit-console-getty.service-disabled.drv'...
copying path '/nix/store/rycj1lc5wc2cs9wfdv9wipm0c61zqm8s-qemu-host-cpu-only-for-vm-tests-10.2.4-ga' from 'https://cache.nixos.org'...
building '/nix/store/imjll498zkaml4rrgavqm5qwiqx0w3zz-nixos-install.drv'...
copying path '/nix/store/sn2bdk3fd7k01qazmbg163qhdyzgzv46-libslirp-4.9.3' from 'https://cache.nixos.org'...
copying path '/nix/store/ys498nc6scmzxp5nwafgz5wfw3w1s0va-e2fsprogs-1.47.4-bin' from 'https://cache.nixos.org'...
copying path '/nix/store/dx7iw9vlsrvhlgdl0swfn8vgr521imji-perl5.42.0-XML-SAX-1.02' from 'https://cache.nixos.org'...
copying path '/nix/store/slwj4ilwv41r6b49abrsw3dyjmb1198c-btrfs-progs-6.19.1' from 'https://cache.nixos.org'...
building '/nix/store/ck0yrsav16gcbvapm226kl0rd14dhpqm-migrate-dhcpcd.drv'...
copying path '/nix/store/xrzbm2zkgg1b0an7n7x2z9l9zldqfvdf-libusb-1.0.29' from 'https://cache.nixos.org'...
building '/nix/store/m3aldsqnsgbwnh486alh8pm95xbqhxgh-locale.conf.drv'...
copying path '/nix/store/748i789ih9vvvvl8hrxhijd0126mxlnd-perl5.42.0-DBD-SQLite-1.74' from 'https://cache.nixos.org'...
building '/nix/store/1cqcjw2ppklm5znbgp534fi39g540crp-localhost-hosts.drv'...
copying path '/nix/store/ch3vr0zadz8zjlxifnk36d2glkjr77w9-lvm2-2.03.39-lib' from 'https://cache.nixos.org'...
copying path '/nix/store/l261lavqz7nm9xciwvra8k0s1nza49jw-aws-c-s3-0.8.7' from 'https://cache.nixos.org'...
copying path '/nix/store/7ky4prhcw0axc0dm5w1hyhn08bac47gv-libfido2-1.17.0' from 'https://cache.nixos.org'...
copying path '/nix/store/cg3p0wi1ry7pi80fc5w12dpsxsmr0l3j-vde2-2.3.3' from 'https://cache.nixos.org'...
building '/nix/store/zmnzhw47d1ix508kqd69kf0cs2ynjc6y-nixos-version.drv'...
copying path '/nix/store/amcyi2h5qll35baaj4wvm9nb5pyis35h-linux-pam-1.7.2' from 'https://cache.nixos.org'...
copying path '/nix/store/rp3a2c3z4xvc1xfzbgi41gppwnr7aisj-netpbm-11.13.3-bin' from 'https://cache.nixos.org'...
copying path '/nix/store/bfsqis9g7kpbvibgsrwqhnzb3firlqni-util-linux-2.42.2-lib' from 'https://cache.nixos.org'...
copying path '/nix/store/y5frzqd1lyw30x5jwa2gczqhl5as49qf-elfutils-0.194' from 'https://cache.nixos.org'...
copying path '/nix/store/fcqmq42asgjfn38ja2iz98fcz5sa6hpm-tpm2-tss-4.2.0' from 'https://cache.nixos.org'...
copying path '/nix/store/yisa2lg79zcvgk4ck4yr6r0lz6j63hs3-bash-interactive-5.3p9' from 'https://cache.nixos.org'...
copying path '/nix/store/vn8mqqhycqramdwzqqa6q7hwyg28dcis-nix-util-2.34.8' from 'https://cache.nixos.org'...
building '/nix/store/ai1ch57sp4rggmlnpj2rwmvapvmsydzl-mounts.sh.drv'...
copying path '/nix/store/ycvl9pdq46fbdngchyks173af6y88fi4-perl5.42.0-XML-LibXML-2.0210' from 'https://cache.nixos.org'...
copying path '/nix/store/s49wqwbikj12zmr6b55siksk1d7yc173-bind-9.20.26-host' from 'https://cache.nixos.org'...
building '/nix/store/gm4387mmfbbxi3gdzsc7mjmmfpb6ppc1-unit--.slice.drv'...
copying path '/nix/store/di1wk9b1iqx0cd0z9qmmjmigncys4cax-coreutils-full-9.11' from 'https://cache.nixos.org'...
building '/nix/store/4hs0xpx5h6fvmyqsfbzw2gpwjbvywa1f-login.defs.drv'...
copying path '/nix/store/3ikilpq6sgv4ckxw00hz1k0kps4vw5vy-cpio-2.15' from 'https://cache.nixos.org'...
copying path '/nix/store/wrgsiqw30dzqf1f16anv968jcnc7784z-aws-crt-cpp-0.34.3' from 'https://cache.nixos.org'...
copying path '/nix/store/cd14snn5j14dcc7hc8b5mfilfq5irhsy-cryptsetup-2.8.6' from 'https://cache.nixos.org'...
copying path '/nix/store/ivjxzg1i3lab63k4vgmjrp9iz1g3xspm-curl-8.21.0-bin' from 'https://cache.nixos.org'...
building '/nix/store/ggixwznh0sppy8x7fm9cl8ghfck600l8-nixos-tmpfiles.d.drv'...
copying path '/nix/store/liim1i7qfgzaz4mkwsq2vziic3708niz-qemu-host-cpu-only-for-vm-tests-10.2.4' from 'https://cache.nixos.org'...
building '/nix/store/iyqvdblj3ny5calil4w0dbq3p79090ym-nixos-build-vms.drv'...
copying path '/nix/store/71x5r55xp1xmli88xipg8j3gmr8l37v4-desktop-file-utils-0.28' from 'https://cache.nixos.org'...
copying path '/nix/store/8k8c4hy17zbcgk8zl7jy2vi1dlaa54ql-security-wrapper-unix_chkpwd-x86_64-unknown-linux-musl' from 'https://cache.nixos.org'...
copying path '/nix/store/qrzxl01xr34gjx9i1b21i3b7ygz1ivva-libbpf-1.7.0' from 'https://cache.nixos.org'...
copying path '/nix/store/qcg4vhr5x7gbf8kbn4vb31iig770vmbd-nix-nswrapper-2.34.8' from 'https://cache.nixos.org'...
copying path '/nix/store/v78cv32zz4vf9g6mm0a9aqz2qicccrza-gnupg-2.4.9' from 'https://cache.nixos.org'...
copying path '/nix/store/wd2mvazdph2qm5xip19683nrbhibd0ig-tcb-1.2' from 'https://cache.nixos.org'...
copying path '/nix/store/a1x2rg3dkha8ns513hjn9v1j9wbka03i-libpwquality-1.4.5-lib' from 'https://cache.nixos.org'...
building '/nix/store/s1xs104kjgvahl8fjmcmvljf512cn2zd-groupdel.pam.drv'...
copying path '/nix/store/rrl3nxral3nc883n02h4i034mm5zbnin-netpbm-11.13.3-dev' from 'https://cache.nixos.org'...
building '/nix/store/sfl36i4w69kzwhjbp85l8hky5dhi2nvz-chpasswd.pam.drv'...
copying path '/nix/store/nsbql0387ak4anchkdpggdy290p5jp3k-bpftools-6.18.7' from 'https://cache.nixos.org'...
copying path '/nix/store/is3qwb08ml20ic4x9imvr60r8vlfwaqs-dhcpcd-10.3.1' from 'https://cache.nixos.org'...
copying path '/nix/store/rjxx7ky0p30c8sb6lax4ka1m4d4k3nvl-dosfstools-4.2' from 'https://cache.nixos.org'...
copying path '/nix/store/gm4agyn1lcqkld6cbklb2hmjn15fqibr-nix-store-2.34.8' from 'https://cache.nixos.org'...
building '/nix/store/g1w5k7mfb4y94c4a0kq3p1qmlxz0k6xq-groupadd.pam.drv'...
copying path '/nix/store/25xmxg1by9lxx6vmakw21fv1ni1q561b-util-linux-2.42.2-login' from 'https://cache.nixos.org'...
building '/nix/store/f7j2c8jg7zyrsldacdpyjlmkj7hzhkl2-chfn.pam.drv'...
copying path '/nix/store/jabdcdyxpiswx3b9hhp8wl740hqx9kv3-util-linux-2.42.2-swap' from 'https://cache.nixos.org'...
building '/nix/store/wvxncb80z5bz8w33zfajq1fyh2nb2pd0-chsh.pam.drv'...
copying path '/nix/store/nxpw2vcmafy10hhm96p30zsm7qizpn5g-util-linux-2.42.2-lastlog' from 'https://cache.nixos.org'...
copying path '/nix/store/rww67gmlsva48rqj4xqyrynrxavjg5wx-util-linux-2.42.2-mount' from 'https://cache.nixos.org'...
copying path '/nix/store/6hinfjfljbhs7dy3g10wm44v6781x1j4-bcache-tools-1.1' from 'https://cache.nixos.org'...
copying path '/nix/store/5lk3ysnrfmmciyxh9fbml12zmh2znrmi-fontconfig-2.17.1-bin' from 'https://cache.nixos.org'...
building '/nix/store/3hrzcbfyvpkq79lsix5bwhh0244dxqqn-test-script.drv'...
copying path '/nix/store/bl2hphf7jc59d40ks2i4j4fgqmr3q5vx-fuse-3.17.4-bin' from 'https://cache.nixos.org'...
copying path '/nix/store/rqzm26y92kdqys6qjjdzfh087cf0vam4-getent-glibc-2.42-84' from 'https://cache.nixos.org'...
copying path '/nix/store/389a70m1z11xiz1b5b4gawz1z7w085rh-glibc-2.42-84-bin' from 'https://cache.nixos.org'...
building '/nix/store/rf7w82nzjrqxa7g1l5xlnrbfwsan5f3w-sandhi-lopa.json.drv'...
copying path '/nix/store/86vpqfvxlhaf89sfacn84jqr7q0f7i9p-gnutar-1.35' from 'https://cache.nixos.org'...
copying path '/nix/store/nxgbnri4sklbwvy3axg2grcpfnsnh2ja-grub-2.12' from 'https://cache.nixos.org'...
copying path '/nix/store/6rabqfma9s9vzwpvnj08vlwv3mb5pdmv-hostname-hostname-debian-3.25' from 'https://cache.nixos.org'...
building '/nix/store/4d6ky2dh1ngdsjhbf4qp73fl55gzliah-sandhi-claims.json.drv'...
copying path '/nix/store/likbsj5vd53pqflsjc2bsvsbi1z5618v-iproute2-7.0.0' from 'https://cache.nixos.org'...
building '/nix/store/npsv4qni88ss1r7c9nl9xp7jjn0bm2m8-string-hosts.drv'...
copying path '/nix/store/7y0flm2cbq8ncjjx8j4mc4ysmm0c6jca-iptables-1.8.13' from 'https://cache.nixos.org'...
copying path '/nix/store/3hyi6j0l54p8xcj7zbakzvx330llw1wq-iputils-20250605' from 'https://cache.nixos.org'...
copying path '/nix/store/4j4ayz3rkk7pprkw8gwg1jj2pdcr7rij-kbd-2.9.0' from 'https://cache.nixos.org'...
copying path '/nix/store/l9lc5hkdgxhr6fkd0y9hhsi4cmvdf4s1-kexec-tools-2.0.32' from 'https://cache.nixos.org'...
copying path '/nix/store/bl8ara6b49ndjhbh2gg91h80rkwna8dq-nix-fetchers-2.34.8' from 'https://cache.nixos.org'...
building '/nix/store/hhzk11sa21030vcps5r55jvwcmxdf1cg-nixos.conf.drv'...
copying path '/nix/store/pr2marxi8dy2y6j1ix2ndn087vd72qws-nix-main-2.34.8' from 'https://cache.nixos.org'...
copying path '/nix/store/jsv8b08zhc1y5zjxsjxggmc99zhk0r3n-kmod-31' from 'https://cache.nixos.org'...
copying path '/nix/store/5p16psvr75g4dg6rh3znl0vkmq2xiprm-less-692' from 'https://cache.nixos.org'...
copying path '/nix/store/8nvq3j6xf41b2vkn8bhazbm0ml6zbkyw-security-wrapper-fusermount3-x86_64-unknown-linux-musl' from 'https://cache.nixos.org'...
building '/nix/store/887l043l9dha8gfybvw3kh6ggrrh2xxj-ipv6-privacy-extensions.rules.drv'...
copying path '/nix/store/bnjb2xjfyybbm2d9vm36a8s1cy3gl3cy-libcap-2.77' from 'https://cache.nixos.org'...
copying path '/nix/store/rlrznkmvs6jyp5kgq5jv2wqam83jv1r7-glibc-2.42-84-dev' from 'https://cache.nixos.org'...
copying path '/nix/store/za8ns8kkazv9v2wq91ljh4r8309ihim8-shadow-4.19.4' from 'https://cache.nixos.org'...
building '/nix/store/i3mwr27j4fhhx2ak3489pqbb1413gjmn-extra-udev-rules.drv'...
building '/nix/store/w3mr0mhm18hl34527d76wvpljfy0q61y-extra-hwdb-file.drv'...
copying path '/nix/store/81zpbkhcssq2nn0rfg50vkm81rmvsfam-getconf-glibc-2.42-84' from 'https://cache.nixos.org'...
copying path '/nix/store/v894am61q5k6iybclqrpy9gc55sw5svz-libressl-4.2.1-nc' from 'https://cache.nixos.org'...
copying path '/nix/store/skblnlq6h8fcdkf5kr711qshn4n2i7ab-lvm2-2.03.39-bin' from 'https://cache.nixos.org'...
building '/nix/store/rrwdd88azygfbh1cfxxiy1ij3462hk3c-etc-systemd-user-preset-00-nixos.preset.drv'...
building '/nix/store/m0nbcxgm74abp09zwcjs30ca1ld36gqz-extra-hosts.drv'...
copying path '/nix/store/9anfpjw3h9snym1pgvvn04yy4fmfliz0-mkpasswd-5.6.6' from 'https://cache.nixos.org'...
copying path '/nix/store/v96qgqysnb30amfz9spy0hk54rym7g3q-nano-9.2' from 'https://cache.nixos.org'...
copying path '/nix/store/mr1iqv8399a8m99cddarndyji3g9kqs8-nix-info' from 'https://cache.nixos.org'...
copying path '/nix/store/76xf2ni9k61kbgid1j5wbzgd4kl7g6w8-nixos-firewall-tool' from 'https://cache.nixos.org'...
copying path '/nix/store/5l6va3d5mpx275fy37yiwxqw5y58h85y-systemd-minimal-260.2' from 'https://cache.nixos.org'...
copying path '/nix/store/pkc1q62czkc3ymg2z8lxd5cb5fk0jmh5-nixos-init-0.1.0' from 'https://cache.nixos.org'...
building '/nix/store/6a36z0fiz0qq6qkh4r73dizs3awdj530-etc-systemd-user.conf.drv'...
copying path '/nix/store/0ssq46388lcsxm2bf3z1g5zln5gmihv2-nix-expr-2.34.8' from 'https://cache.nixos.org'...
building '/nix/store/by2zm3rpc9rfz72cfv9gw7mwhlb5xpy4-firewall-start.drv'...
building '/nix/store/j5vcsrrslh0zn7rwicwyab5ibfm5gb9h-firewall-stop.drv'...
building '/nix/store/fwar1bsy6h27jqpai0vh083qpb53lg5j-index.html.drv'...
copying path '/nix/store/khnfirshq5j299s6sfj0laxj0vr7gaa6-systemd-260.2' from 'https://cache.nixos.org'...
copying path '/nix/store/5pqpbbmzkaz554ij06qz9npq5m5p274m-nss-cacert-3.126' from 'https://cache.nixos.org'...
copying path '/nix/store/6hjng4hd5c688hjgdcyb1rzfjz220srh-gcc-15.2.0' from 'https://cache.nixos.org'...
copying path '/nix/store/1jxwdyqgcff5558amk5rkxk01hyb3ipp-security-wrapper-chsh-x86_64-unknown-linux-musl' from 'https://cache.nixos.org'...
copying path '/nix/store/1ai04hv614ylzw0s77v349md09gylnq3-security-wrapper-newgidmap-x86_64-unknown-linux-musl' from 'https://cache.nixos.org'...
building '/nix/store/kx2k5qr689cc0d3j9545w2g785mj5lzf-index.html.drv'...
copying path '/nix/store/3is6h8kl4fic748fsm6m19x8a13p76bk-security-wrapper-newgrp-x86_64-unknown-linux-musl' from 'https://cache.nixos.org'...
copying path '/nix/store/wbwkipjmjvccnhk3yh2i6ax4a1fnlm11-security-wrapper-newuidmap-x86_64-unknown-linux-musl' from 'https://cache.nixos.org'...
copying path '/nix/store/3zvl71k6zvl6ilwkdg9mpf48qbcpa7bq-security-wrapper-passwd-x86_64-unknown-linux-musl' from 'https://cache.nixos.org'...
copying path '/nix/store/c04z373dvnyb09ma8190w119sl15537c-security-wrapper-sg-x86_64-unknown-linux-musl' from 'https://cache.nixos.org'...
building '/nix/store/qnzrvw9rf45mmw7xxqyh365w604xrcjf-dhcpcd.conf.drv'...
copying path '/nix/store/la0zcwbbm1jazcjqf80m49xfyj14k4b3-binutils-wrapper-2.46' from 'https://cache.nixos.org'...
copying path '/nix/store/4smrz272pbx5kg0prx9czap7zn5lbvb0-lvm2-2.03.39' from 'https://cache.nixos.org'...
copying path '/nix/store/pi8asxfcg7c6wb8kqil2x71xizc1j6zw-lvm2-2.03.39-scripts' from 'https://cache.nixos.org'...
building '/nix/store/pf2c4zhfbayczrsihwc3s7hk2zkzgn1b-builder.pl.drv'...
copying path '/nix/store/kql2l4nafrby8ghb3klj5n8arhd2v61h-util-linux-2.42.2-bin' from 'https://cache.nixos.org'...
building '/nix/store/w8549mb3zm2wmlsqa2gqrxigwh5cyfrh-etc-bash_logout.drv'...
copying path '/nix/store/kps140r22d5r88878mp5hrg7d7f3dhjp-nix-flake-2.34.8' from 'https://cache.nixos.org'...
copying path '/nix/store/w0snan2chjzwpjflic7kjfj46hdca236-nss-cacert-3.126-p11kit' from 'https://cache.nixos.org'...
copying path '/nix/store/wd02vvx7lxb9z7rrnr8g1sq9j5asspcm-openresolv-3.17.4' from 'https://cache.nixos.org'...
copying path '/nix/store/qilxjlbdj0rvrz8isfmnfb9cp91fbvv1-openssh-10.5p1' from 'https://cache.nixos.org'...
copying path '/nix/store/wpv267cm8p06c9jkvkqmybp8i5b95awk-openssh-10.5p1-man' from 'https://cache.nixos.org'...
copying path '/nix/store/n76nk4n71h5srghid9853rxwglxn78r2-perl-5.42.0-man' from 'https://cache.nixos.org'...
copying path '/nix/store/8q3v1gxvwi0vf2s8faih9yfrzl11k5fr-perl5.42.0-File-Slurp-9999.32' from 'https://cache.nixos.org'...
copying path '/nix/store/ziriblq904q5abya8m3pq1nj4h0hjmaz-perl5.42.0-IO-Stringy-2.113' from 'https://cache.nixos.org'...
building '/nix/store/hdqnlmi9p9hydk77qjsmyds6fawb2acq-etc-dhcpcd.exit-hook.drv'...
building '/nix/store/5k7pfdj98p0zyf54rc1mfzrbn9d8if60-etc-environment.d-50-systemd-path.conf.drv'...
copying path '/nix/store/2j99qqcxknjr6357pp19p1xiclxnalbb-procps-4.0.6' from 'https://cache.nixos.org'...
copying path '/nix/store/9vbybv6n1ywwfw32jwsq7pnfvwnnk8hv-rsync-3.5.0' from 'https://cache.nixos.org'...
building '/nix/store/7dqkh4lbk7zc51jlqpn2ycz9j9yzpnya-etc-fstab.drv'...
building '/nix/store/n886hy91b50lybnhbw589rqimrn04hnx-etc-fuse.conf.drv'...
copying path '/nix/store/2wyw03178cxxbyjfmb2mfhm43gndjfyg-shadow-4.19.4-man' from 'https://cache.nixos.org'...
copying path '/nix/store/923pgfgbhs1y8157yv2s7sxgvryabmk6-dbus-1.16.2-lib' from 'https://cache.nixos.org'...
building '/nix/store/r54487xv91y2qasr9h3yh927ai5k48s9-etc-gai.conf.drv'...
building '/nix/store/lj5jkirzw92z99kcm3ya0cmrpn26msqy-etc-host.conf.drv'...
copying path '/nix/store/193lpmiwhl7hwc7hgbbyx0hskm10a5wr-python3.13-typing-extensions-4.15.0' from 'https://cache.nixos.org'...
copying path '/nix/store/dc6m6y544f940a6iz6b1pb1vs98xfhdn-mdadm-4.4' from 'https://cache.nixos.org'...
copying path '/nix/store/37ri5k8y938jq7sxam47wjhcr3wsq84f-security-wrapper-mount-x86_64-unknown-linux-musl' from 'https://cache.nixos.org'...
copying path '/nix/store/bky473fwd1lb7gwa6vym6pbj04f54mci-security-wrapper-umount-x86_64-unknown-linux-musl' from 'https://cache.nixos.org'...
building '/nix/store/nckdln7smr8vlhq5rk5lfcdj7mbc6wmm-etc-hostname.drv'...
copying path '/nix/store/1hivvxvsayy40mjss5fg7fa5qp9amfa4-python3.13-pygments-2.20.0' from 'https://cache.nixos.org'...
copying path '/nix/store/1ifgfnfp7m8pal7pfgi4xpfb9njjf9vy-python3.13-parso-0.8.7' from 'https://cache.nixos.org'...
copying path '/nix/store/3269k0kw5xdbf3ahfcrn41zgqq6v7qfi-python3.13-wcwidth-0.6.0' from 'https://cache.nixos.org'...
building '/nix/store/zkyjzyr0fhpmsk35407891rydnlrpdym-etc-lsb-release.drv'...
copying path '/nix/store/jhwc3cfldis6swhr11hklng667394lfk-nix-cmd-2.34.8' from 'https://cache.nixos.org'...
building '/nix/store/3b68g7cnc9shjikpmx5ng40nczm7gzg4-etc-man_db.conf.drv'...
copying path '/nix/store/ai4zrvs0iavin8vh5p6c1q06846dg4j1-python3.13-toml-0.10.2' from 'https://cache.nixos.org'...
building '/nix/store/axm1q1snmdpgv2rgna7bbnignk9aaqkg-etc-modprobe.d-nixos.conf.drv'...
copying path '/nix/store/cfzb6h0qw89lja1j6rkzzmbkccp37f5n-python3.13-annotated-types-0.7.0' from 'https://cache.nixos.org'...
copying path '/nix/store/cqjmpkx40ncvcj74s9lvnb8ggbspcqra-python3.13-colorama-0.4.6' from 'https://cache.nixos.org'...
building '/nix/store/fwng5214p0zcv03rxlyn9hvws4wc3hp6-etc-netgroup.drv'...
copying path '/nix/store/i7fky05wc15j4ccncsfq8qw1qhwc2xrl-python3.13-remote-pdb-2.1.0' from 'https://cache.nixos.org'...
building '/nix/store/79lkjkpgvj3k61c0qy1v1rphadryja2h-etc-nix-registry.json.drv'...
copying path '/nix/store/k3l4k8yzp3ac6qrn0vfd1488gaz2mlr7-python3.13-executing-2.2.1' from 'https://cache.nixos.org'...
copying path '/nix/store/kgngw38fsgp83hywsx7zdblv9lmmi3af-python3.13-six-1.17.0' from 'https://cache.nixos.org'...
copying path '/nix/store/m4d894flp47h0mlp846sdkzcysxsrxlp-python3.13-appdirs-1.4.4' from 'https://cache.nixos.org'...
building '/nix/store/lz7k0x2ycnj6ccaimdpvzacl70ih5zzc-etc-nscd.conf.drv'...
copying path '/nix/store/0pamnjcwjs88b7jzab258v0ik5i94332-python3.13-typing-inspection-0.4.2' from 'https://cache.nixos.org'...
copying path '/nix/store/8npfz6gvqw2hpjimzsb66ssy40m1v2r7-python3.13-jedi-0.20.0' from 'https://cache.nixos.org'...
copying path '/nix/store/6sgqbbh9mcqdvm42spibm2ydq3vp5jsc-python3.13-prompt-toolkit-3.0.52' from 'https://cache.nixos.org'...
building '/nix/store/59m0qpylxw17saqlhl6w1q572i311c65-etc-nsswitch.conf.drv'...
copying path '/nix/store/8nvfjkncwyp109kap4rrqw36dp7ara4c-python3.13-pydantic-core-2.41.5' from 'https://cache.nixos.org'...
copying path '/nix/store/cwi6qswrvf623v1q4zg3m8sjrbgjsdsi-perl-5.42.0-env' from 'https://cache.nixos.org'...
building '/nix/store/s943hf7ljwg3hx9mrgcy376hv96br9xh-etc-os-release.drv'...
copying path '/nix/store/0djmqy9c50czxaakvi7xqinz30wlbs6g-nix-2.34.8' from 'https://cache.nixos.org'...
copying path '/nix/store/0kinv0a8z8p16qkl5lkpv33z5rxn7bhs-python3.13-pure-eval-0.2.3' from 'https://cache.nixos.org'...
building '/nix/store/1309qxmrv9gxrvkv39q53wmhmmhfjiaa-etc-pam-environment.drv'...
copying path '/nix/store/r0nqabf9maarmjbk41f30dklgkfbi14v-python3.13-asttokens-3.0.1' from 'https://cache.nixos.org'...
building '/nix/store/sbkwml2b2y5lw6nsw6l3hf4yky2ii8vw-etc-resolvconf.conf.drv'...
copying path '/nix/store/p2d7a5bi9nmyw1jb32m297hvkpkn9jfy-python3.13-ipython-pygments-lexers-1.1.1' from 'https://cache.nixos.org'...
copying path '/nix/store/y5hh21qmrqj0jgppmn0q2ln99aknkg1d-util-linux-2.42.2-dev' from 'https://cache.nixos.org'...
copying path '/nix/store/y9i29a2zyw36vkih9g1cv9p2mkzqxzaf-python3.13-ptyprocess-0.7.0' from 'https://cache.nixos.org'...
copying path '/nix/store/z84cdfgm9yqxsxy1jfjjg16h38j62k7a-python3.13-traitlets-5.14.3' from 'https://cache.nixos.org'...
building '/nix/store/jjk7wf6g5y6jvd9gn87iiazvdgaibawy-etc-ssh-ssh_known_hosts.drv'...
copying path '/nix/store/z88sr1d82j354jnimc6pbk93czxlad8g-python3.13-decorator-5.2.1' from 'https://cache.nixos.org'...
copying path '/nix/store/hb0kkjdwmzfbrlslvd7c59k8y3lq0w0w-dbus-1.16.2' from 'https://cache.nixos.org'...
copying path '/nix/store/092f52mxkg9a9zqd2snv58kc21z97s0i-python3.13-junit-xml-1.9' from 'https://cache.nixos.org'...
building '/nix/store/kycnwvhi0ys55zbbqqp2wy9cf32nvhrr-etc-systemd-coredump.conf.drv'...
copying path '/nix/store/6gaz7dfv3y81vjypzk7w9yxg1ag2y317-perl5.42.0-Config-IniFiles-3.000003' from 'https://cache.nixos.org'...
building '/nix/store/lq0rpbap1wxxsqvgkg34p3p9irx632xj-etc-systemd-journald.conf.drv'...
copying path '/nix/store/wbv172hfz6qh0k6a6prk9nrwzns4rhbm-shadow-4.19.4-su' from 'https://cache.nixos.org'...
building '/nix/store/yzjaxdblnsp9c1wd79b34xxz8xfl238m-etc-systemd-logind.conf.drv'...
copying path '/nix/store/s10lwkl3w8r8zg2im85m0la4cg02c2yp-dry-activate' from 'https://cache.nixos.org'...
building '/nix/store/faq4zws7fhh40h9lnm6h9d5frm59syik-etc-systemd-oomd.conf.drv'...
copying path '/nix/store/4gwbb12isyjzxjssdzikzx7kk37mwccz-shared-mime-info-2.4' from 'https://cache.nixos.org'...
copying path '/nix/store/l7za2cnbgmrjgx1586xm4zw37wz228j8-python3.13-stack-data-0.6.3' from 'https://cache.nixos.org'...
copying path '/nix/store/mk2vm8jkx1k8bm1p48zw8f6a2kmrnr4i-sound-theme-freedesktop-0.8' from 'https://cache.nixos.org'...
building '/nix/store/3fl7lcim9qzcj2mb91d5584xzbzcblpl-etc-systemd-sleep.conf.drv'...
copying path '/nix/store/wknkybkzrc16r11vk5vrykh4wmw7a353-nix-2.34.8' from 'https://cache.nixos.org'...
copying path '/nix/store/8rx4d5kla3wkrdwi74lcsi2mya1d5x8h-strace-7.2-man' from 'https://cache.nixos.org'...
copying path '/nix/store/6ppr2mx3n2rcpklxs5w03503hyj58j3l-python3.13-pexpect-4.9.0' from 'https://cache.nixos.org'...
building '/nix/store/gcx6mqxgmm70ymg3pdxykbfhb2xp1vwp-etc-systemd-system-preset-00-nixos.preset.drv'...
copying path '/nix/store/wldgzsjnchps1ylf0gy0n5isir3bidc6-python3.13-pydantic-2.12.5' from 'https://cache.nixos.org'...
copying path '/nix/store/2p6c9cavxliwsxjsl1a1pp0a6s3wprn9-python3.13-matplotlib-inline-0.2.1' from 'https://cache.nixos.org'...
building '/nix/store/5zq1ljjivg8x3brj5nq62xgwkpgn3wp5-unit-fs.target.drv'...
copying path '/nix/store/fm52yr0c85y35l2n0k9xc68nbz93y9bj-strace-7.2' from 'https://cache.nixos.org'...
copying path '/nix/store/91p3yp7vp5dkc111rn5h5a4380v89mpv-sudo-1.9.17p2-man' from 'https://cache.nixos.org'...
copying path '/nix/store/9raq3pn595jnl5k0a5fldq6b0kfa3p57-sudo-1.9.17p2' from 'https://cache.nixos.org'...
copying path '/nix/store/v60fb6f7d7mhqpmpvyjcyr82147skv2y-python3.13-ptpython-3.0.32' from 'https://cache.nixos.org'...
building '/nix/store/zv2kcrcv0bb22r7rgkwh379gpw006hmh-unit-fstrim.timer.drv'...
copying path '/nix/store/mxzjyv6a2mg5816b2z5zzbf185fv1bp7-sudoers' from 'https://cache.nixos.org'...
copying path '/nix/store/v5n71z4jad3n4w24yjrhq3gwvlv165vw-security-wrapper-su-x86_64-unknown-linux-musl' from 'https://cache.nixos.org'...
copying path '/nix/store/09kha2wy0q1hz4xyry0zs4bl8s9lfn6f-systemd-default-tmpfiles' from 'https://cache.nixos.org'...
building '/nix/store/955vl1c08qv4718p6p8mcg98zsry7xpq-unit-keys.target.drv'...
copying path '/nix/store/8f0xq9l261r02h40dak7vplrpj9c959g-dbus-broker-37' from 'https://cache.nixos.org'...
building '/nix/store/xg69c0yk0phfca22y6w22i1fbfdfg7ab-unit-dbus.socket.drv'...
copying path '/nix/store/km57fq417dvp1awlr6df87md5c5nbcvb-fuse-2.9.9-bin' from 'https://cache.nixos.org'...
copying path '/nix/store/3ddb0w5y71a0fnvhj49w8mn7lnn8vl0x-nixos-rebuild-ng-26.05' from 'https://cache.nixos.org'...
building '/nix/store/brpnfvx6nyr7k00l6vdx0yvh9g098k6k-unit-nixos-fake-graphical-session.target.drv'...
copying path '/nix/store/dg59vrmwnkqlp56aj2r7vm1ghjpnv2pc-system-generators' from 'https://cache.nixos.org'...
copying path '/nix/store/pn3cb624bsnwr4cjhpr3zrmrdyyam0a9-system-shutdown' from 'https://cache.nixos.org'...
building '/nix/store/hrbbsv34yrgdyhnvgi0l2nh5zg2scm9h-unit-remote-fs.target.drv'...
copying path '/nix/store/kycqp125rm2vhwfr8p7va57ccf20nygr-systemd-260.2-man' from 'https://cache.nixos.org'...
copying path '/nix/store/d1jd0nzc1w884i7hqy01w3545wx1kfc7-systemd-generator-environment.json' from 'https://cache.nixos.org'...
copying path '/nix/store/vzwz775p3ax5yifxi32ln6h1n123c8nc-python3.13-ipython-9.9.0' from 'https://cache.nixos.org'...
building '/nix/store/m68p7rk8sby7k7fisqlvipj83w1cim8m-unit-nix-daemon.socket.drv'...
copying path '/nix/store/xdm9kkbv3nv4wr8cl7b3dh00ivbicg27-texinfo-7.2' from 'https://cache.nixos.org'...
copying path '/nix/store/25myrvj4vszs3bh68di7vr5l5p2zkm0l-texinfo-interactive-7.2' from 'https://cache.nixos.org'...
copying path '/nix/store/641114x106r73fhsm9yxvx2nhk1nqq1d-time-1.10-info' from 'https://cache.nixos.org'...
copying path '/nix/store/7hsjsbf525435xd3l349rbvfrf5gypx1-time-1.10' from 'https://cache.nixos.org'...
copying path '/nix/store/py3vpjag7dasyzbs466jpya4kva73xvr-user-generators' from 'https://cache.nixos.org'...
copying path '/nix/store/ls4qlf2hq32k49idr6npsc62gs77cnh2-security-wrapper-sudo-x86_64-unknown-linux-musl' from 'https://cache.nixos.org'...
building '/nix/store/rsd3mizcbnjma64b035ajss36pc292q9-unit-local-fs.target.drv'...
copying path '/nix/store/prv6i5vmp08jc5ixcpw2062pnl30xcs3-security-wrapper-sudoedit-x86_64-unknown-linux-musl' from 'https://cache.nixos.org'...
building '/nix/store/22kw80lvk3w75rhxmc5602qha58616sj-unit-multi-user.target.drv'...
copying path '/nix/store/a5l3zqyrg0zlfcapacm5rlangs8v80i6-sudo-1.9.17p2-doc' from 'https://cache.nixos.org'...
copying path '/nix/store/hnrxxrhl18md8yx277lm0ai6xk4365a6-security-wrapper-fusermount-x86_64-unknown-linux-musl' from 'https://cache.nixos.org'...
copying path '/nix/store/l70vbl5kalkancp45i0xg3606rqkdih8-util-linux-2.42.2-man' from 'https://cache.nixos.org'...
building '/nix/store/rg8rzc7ndkidgslm6791mvrn25mhgh5p-unit-getty.target.drv'...
copying path '/nix/store/1b5zq3p28iaikfg0xlv1mzqn3wgwgj6r-which-2.23-info' from 'https://cache.nixos.org'...
building '/nix/store/ybl00f0n7q545dy556azkfgxizxmg7v3-unit-network.target.drv'...
copying path '/nix/store/qwgl3alhsablynimlv4anbqr5s8196nw-which-2.23-man' from 'https://cache.nixos.org'...
copying path '/nix/store/dw3x07sr1hd5p1s49xd3rfpiah5v8amw-which-2.23' from 'https://cache.nixos.org'...
building '/nix/store/l7iccxi2lxvzdx8334w7ar0gsblggznm-unit-networking-scripted.target.drv'...
copying path '/nix/store/vzfd7z3jlxnzm5c4ramx8wnrzg6zk4ac-xwininfo-1.1.6' from 'https://cache.nixos.org'...
copying path '/nix/store/1vvj459fvxg8f1crw0z3i0da3pnknqbb-xz-5.8.3-doc' from 'https://cache.nixos.org'...
copying path '/nix/store/x8wklkdv7826qnmxcjlqj7dz98487fnv-xz-5.8.3-man' from 'https://cache.nixos.org'...
building '/nix/store/2ihih36654ajqjk4009i8mx77q8xaaaw-issue.drv'...
copying path '/nix/store/bv7f9n0q8ypr5pmy5vxyhqzbz9cimdii-zstd-1.5.7-bin' from 'https://cache.nixos.org'...
copying path '/nix/store/sfy2sfgamdqyz44nckpfp6n84a3khwr0-zstd-1.5.7-man' from 'https://cache.nixos.org'...
copying path '/nix/store/4rdc8pbhinsncqvi1arybzn3an3abhvk-nixos-test-driver-1.1' from 'https://cache.nixos.org'...
building '/nix/store/3zgg40c3gxpypxr1q9srg4ks3y5qxrvp-local-cmds.drv'...
building '/nix/store/ppkvwkq0xy0dm0nd71x4xz2wmi3y8gib-lessconfig.drv'...
building '/nix/store/ppd99yywvxy6l6nrgxbsi18xpkqr86m3-unit-script-prepare-kexec-start.drv'...
building '/nix/store/47p8fdggdiyr55csbblgl4910nsh86rs-unit-script-sleep-actions-start.drv'...
copying path '/nix/store/mmcd90i1ds38pcrrrypczqylpvydj9w9-man-db-2.13.1' from 'https://cache.nixos.org'...
building '/nix/store/clsr92060m10p38a7vcvlrnpny116gnb-unit-system.slice.drv'...
copying path '/nix/store/881qcq14d1nf9f2pv7lxk021yyz81nz8-nixos-option' from 'https://cache.nixos.org'...
building '/nix/store/6ix0h3bcvf3y44hxba3b1iqd21j5kyz3-unit-systemd-journald-audit.socket.drv'...
building '/nix/store/fsi1321xbfgyihk4qg2b6f7kwjl9gi0m-unit-sysinit-reactivation.target.drv'...
building '/nix/store/migp2qsgwxwgk3vc3686vcmhi8xczngj-unit-script-sleep-actions-pre-stop.drv'...
building '/nix/store/6rnilyixhmlgyfi30vl9gcydr5wg39m3-unit-serial-getty-hvc0.service-disabled.drv'...
building '/nix/store/dhcdscqw0wqhwwx742pn50cw3c1kv9wy-unit-serial-getty-ttyS0.service-disabled.drv'...
building '/nix/store/5fw80b49hyw3r1r87402lxm230hmdk2j-unit-systemd-tmpfiles-clean.timer.drv'...
building '/nix/store/mxhaw2l6xqw7s97fp2s0k8j5x65wmizw-useradd.drv'...
copying path '/nix/store/hbsz2ngi9ixbhd9na1xagh2yc8qnmj7y-gcc-wrapper-15.2.0' from 'https://cache.nixos.org'...
building '/nix/store/v1d5nwj24b5qhw04ya3zh1vjqf3zgkv6-unit-user.slice.drv'...
building '/nix/store/qah2c7gpb8n3jgx0vdmiv24rcjhnzkc8-unit-script-post-boot-start.drv'...
copying path '/nix/store/zgi7n65namq775ixng2m8q5ivnb91qfi-make-binary-wrapper-hook' from 'https://cache.nixos.org'...
building '/nix/store/1rm7nbvdyf5jkns2mhgcp6q9jxn5zgr1-groupmod.pam.drv'...
building '/nix/store/brnzq9kgcxpvi992q67mnqd1vwff0ya6-other.pam.drv'...
building '/nix/store/n1c3ff7aj6198gzzfz91gzcw2dznlazr-groupmems.pam.drv'...
building '/nix/store/c38bjzhcb5qz9gwdwq1kfxnvqwrsxmam-su.pam.drv'...
building '/nix/store/81xwvi8ysr90an09si7c24is8fh53hfh-passwd.pam.drv'...
building '/nix/store/3dgy3mk8vvrggl5djbx6klgszrdfrpsm-unit-sleep-actions.service.drv'...
building '/nix/store/7a5q0n6wygii18i52fz2f3girpxr5nia-runuser-l.pam.drv'...
building '/nix/store/qm77mwqg22q4gaq4p6l1h67c9aqads84-perl-5.42.0-env.drv'...
building '/nix/store/grbaq7hilh571zmizj9vnv9cmq2pkybi-unit-script-backdoor-start.drv'...
building '/nix/store/0pzpfrfhivfybyqvzr0w04sklfwm94b9-perl-5.42.0-env.drv'...
building '/nix/store/w3x65z130vqzg76rclqkfy9l7f6ja7xg-unit-script-post-boot-pre-stop.drv'...
building '/nix/store/laybr4l1sbf0aanprkzvpx3crg5d4vsw-useradd.pam.drv'...
building '/nix/store/lzh1asv7fzswlldgp0by82v6jhm96g64-unit-post-boot.service.drv'...
building '/nix/store/yylz7kws0h8jcdm5vax19ysg25r0n76q-tmpfiles.d.drv'...
building '/nix/store/jgjnkb5idgj0q54br1qgxvbq2q6gdlw6-sudo.pam.drv'...
building '/nix/store/g37zg3k5chs9y1gafclhaw3jdwjvv142-X-Restart-Triggers-systemd-tmpfiles-resetup.drv'...
building '/nix/store/a6wsr7s7sa8yp9l2jd6gwm8my2rk3jmb-runuser.pam.drv'...
building '/nix/store/3yk0kwnd44283y4xsr300bzjdb2ilnri-nix.conf.drv'...
building '/nix/store/w88a1pyi6ynni4y7wxh5gwvdmf1q4hvg-unit-script-register-nix-paths-start.drv'...
building '/nix/store/1fjk013hnbdx5y7wd2c2pgw3r282hkl1-unit-user-runtime-dir-.service.drv'...
building '/nix/store/x0c84w1brks3fsflsn28qdyh530pb90x-unit-register-nix-paths.service.drv'...
building '/nix/store/qsxj22a0a4qh2ilxsqspfavkx911sybc-unit-run-wrappers.mount.drv'...
building '/nix/store/8186bcw2kmdjbsxw038jm2q9ygj6xnwa-unit-user-.service.drv'...
building '/nix/store/xlc43zlkbhw1kh0abgabrwv42s9fsqa7-usermod.pam.drv'...
building '/nix/store/qjy0f4ji37msvhn9rxbkpsnmrlyb025r-unit-systemd-user-sessions.service.drv'...
building '/nix/store/wlhx5hym8l07dvfpjmnxi34nlqdfylj7-unit-script-nix-gc-start.drv'...
building '/nix/store/2s7i29i9940m32dm1j8mdy6r9dazrkly-unit-nix-optimise.service.drv'...
building '/nix/store/cyxjvcfpwsw6rhxw14084vlfb72dyncb-perl-5.42.0-env.drv'...
building '/nix/store/dlv53rcfa50a489kx761x4zzaqf8zh3h-command-not-found.drv'...
building '/nix/store/vd0c5hbb736fiibvnj2c0v7spcl59acn-nixos-generate-config.drv'...
building '/nix/store/a9cv07m84gvl9zzdxzw3nms2zzhy0z2w-etc-bashrc.drv'...
building '/nix/store/w1cy933ckw60m9gcqxwpn61xyv14zy0c-system-path.drv'...
building '/nix/store/3fcrazf8iqpmv93z9bcklpxf8vvxmwh0-udev-path.drv'...
building '/nix/store/xjvanzb3d7ygxbivyc6fayaggr4pkp54-unit-systemd-update-utmp.service.drv'...
building '/nix/store/ly0ps4x1qagr4af9gb9qggqdkxkzrzgi-perl-5.42.0-env.drv'...
building '/nix/store/j21kkwmnmx1a7aq54jvdpmwji73jly37-getty.drv'...
building '/nix/store/8pnj2h4bq3gvl56032nll4qig7y01xyn-X-Restart-Triggers-nix-daemon.drv'...
building '/nix/store/6h8gmhs4z4yr41785h72zid8758fd2nr-getty.drv'...
building '/nix/store/hjw5720wd4a0khgzrlps08864ck2ij3k-unit-script-suid-sgid-wrappers-start.drv'...
building '/nix/store/acng9gyvh8ii6gvm3g0v9bmzgdjhcwhv-unit-getty-.service.drv'...
building '/nix/store/cvflkc94p9k2i3269rhsl17s1qb5mj2b-dbus-1.drv'...
building '/nix/store/gzd2i3rvmnhrz89clcvb0qay6pljibvf-unit-systemd-tmpfiles-resetup.service.drv'...
building '/nix/store/fswh04jwlbhpidvh8c5bw7h34536hadr-X-Restart-Triggers-dbus-broker.drv'...
building '/nix/store/lnz848m3qcm38v02rvhb2zs0wxx2ky7j-unit-suid-sgid-wrappers.service.drv'...
building '/nix/store/nn03gqzb76fl3g9ir2xp7lni6gbayxmm-unit-dbus-broker.service.drv'...
building '/nix/store/hhsmk3ybg9nw41nrz5v5k7d0j80d2i5p-unit-dbus-broker.service.drv'...
building '/nix/store/lzhn6x2162g88byrg6hdqpssqm185la5-unit-backdoor.service.drv'...
building '/nix/store/y406lj19ybiisbphlnm3aqlip8grs9ip-unit-prepare-kexec.service.drv'...
building '/nix/store/46p6h0acw3xyv4xiyag8a0hb3z30nl07-set-environment.drv'...
building '/nix/store/izpd10l37drj44y7jw1nwnkldv3ap4d6-unit-run-initramfs.mount.drv'...
building '/nix/store/c3ix7904agkynmi7vhapcvdjmgqrlbrv-etc-profile.drv'...
building '/nix/store/qrriaiayg3y9n7x7pjbfn69xi2p6nxqr-stage-2-init.sh.drv'...
building '/nix/store/jan9fiahy3pglz2873fqmc0znfxjm849-unit-nix-gc.service.drv'...
building '/nix/store/r159flwri5v223mddiq2vzga6k38mjpn-unit-nix-daemon.service.drv'...
building '/nix/store/iwvw689604c478xxgfmn3djjcaracssw-perl-5.42.0-env.drv'...
building '/nix/store/y2wsc3klqrdl0ncw8q135yjj10624xv1-userdel.pam.drv'...
building '/nix/store/9xa2qzwidnz12fcaia54gkpgddf142g5-vlock.pam.drv'...
building '/nix/store/gb3jankgz8fam52ddhk2asbnyza1yxia-shutdown-ramfs-contents.json.drv'...
building '/nix/store/7gg640w9n2dqx2iybigh3hxcszc3ma23-systemd-user.pam.drv'...
building '/nix/store/vi4ywx6bk3syq4zc0h8ry41i39zrhf5f-unit-generate-shutdown-ramfs.service.drv'...
building '/nix/store/48sf3l2dsxjq939na90m117jvmmfwrl4-systemd.drv'...
building '/nix/store/wkwxj6g07cwl568hnn9b18cf4sz8ggvp-unit-systemd-logind.service.drv'...
building '/nix/store/9wa7lb8cqlb6r06prwa0jkcp1s8g52q4-50-coredump.conf.drv'...
building '/nix/store/hhpadbc20bk9bp3r9mvcifgaw36lqp85-unit-script-network-local-commands-start.drv'...
building '/nix/store/s2h5ricjb7kxbpyvwm4z2l81wrzh01rb-install-grub.pl.drv'...
building '/nix/store/2cqbgfdxz440kks2znzb5cck351yi91w-unit-network-local-commands.service.drv'...
building '/nix/store/2464kjdpk1n9rr913vyfnznqmgh4ag7p-unit-systemd-tmpfiles-setup.service.drv'...
building '/nix/store/wrbxwkrlvr611kpbrn22hp7h1l20g2hq-unit-systemd-timedated.service.drv'...
building '/nix/store/i5knx9p0i39b6wq4qmiagjb8y5wdrxxz-sandhi-probe.drv'...
building '/nix/store/phn6kznrl0h494bm5vx55xyjajxzbi2b-unit-systemd-remount-fs.service.drv'...
building '/nix/store/bfd654bb5k29a9n1h2jbq933kjy8fadn-etc-sandhi-contracts.json.drv'...
building '/nix/store/aflffj8npff2vvijrkbmxcfhc29ahpy1-unit-sandhi-contract-empty.service.drv'...
building '/nix/store/br48qrmz6y0wg34631qhxmjrxybidx11-unit-systemd-random-seed.service.drv'...
building '/nix/store/55cqk31kr7h5dm6jqcrczqpbwdqsrklk-etc-lvm-lvm.conf.drv'...
building '/nix/store/jbjnl1a4v96ksd1py59z8qqc740nalin-unit-systemd-pstore.service.drv'...
building '/nix/store/mrdrrzbljy069kgkjhca78qp6gv7b7pi-unit-systemd-oomd.service.drv'...
building '/nix/store/47rf90kf2bkajjr9sn7ywddy5fsxg57b-unit-systemd-nspawn-.service.drv'...
building '/nix/store/3v1plq9qyar9hd5faa590a1dwspgjj6r-linux-6.18.52-modules.drv'...
building '/nix/store/y15jy0bb6kamz3b1n1qa7m5wyhrgd4qm-unit-systemd-importd.service.drv'...
building '/nix/store/5cdjv52crc9qbj9bic21xqlpwwlgxz15-fontconfig-etc.drv'...
building '/nix/store/xyyw5xjz2pkz91xnr5hr8qwgiqqc1qfp-firmware.drv'...
building '/nix/store/ga9dak20ra55fvj3ypq66afxi4xcx01v-console-env.drv'...
building '/nix/store/1s41qc4ass4xnr1j2scp5dj5z40gy4gb-boot.json.drv'...
building '/nix/store/ch525fidgwcxjgsvnbfpk940n9fgh34x-X-Restart-Triggers-reload-systemd-vconsole-setup.drv'...
building '/nix/store/ij6c2qg4ilxa55mzaycpj34vhihbfddp-etc-modprobe.d-firmware.conf.drv'...
building '/nix/store/60xd0kz2brj0w4hx4575h08j2grgi1rw-unit-reload-systemd-vconsole-setup.service.drv'...
building '/nix/store/4ign9gc6km5r70fw1h1i1h5vp8v5i64k-unit-systemd-makefs-.service.drv'...
building '/nix/store/0xpximh14ld30sjnqr8y2l6vbjrmml5z-unit-systemd-localed.service.drv'...
building '/nix/store/zqkgy61kxlg8gm9zk3lig0figngc6bby-etc-nanorc.drv'...
building '/nix/store/cx80hgfi15j6d2wsc26wlv1n8g2rad34-unit-systemd-journal-flush.service.drv'...
building '/nix/store/10xn4n2aacdh8bsqd32lzjfmlmycgxv4-unit-kmod-static-nodes.service.drv'...
building '/nix/store/49wv385z9ai21z3n9bxhc4dw9fgl2rhm-unit-nscd.service.drv'...
building '/nix/store/7rpfnlxn58142az9akg544g7gmdbwnzf-unit-systemd-hostnamed.service.drv'...
building '/nix/store/fpi23cr3jiz7bwjrb0crp1jpgwzrdwvz-unit-modprobe-.service.drv'...
building '/nix/store/3fihxlszgyf3f8x1fcjm84z1qn6sfbjm-firewall-reload.drv'...
building '/nix/store/32656p0k9gwhq4pk5nqiwf2snwyw2z6y-X-Restart-Triggers-resolvconf.drv'...
building '/nix/store/4pjj2bp0n4mr9nnac62vgfj6ixc6210x-unit-firewall.service.drv'...
building '/nix/store/568jwmr092ixbhspyjkizbw2inb8y1hi-unit-systemd-fsck-.service.drv'...
building '/nix/store/rygn1xpybf3kyay0lqh4wawq1ridp10x-unit-systemd-backlight-.service.drv'...
building '/nix/store/y22r7k62xfbg4y4a7mi7ryw69g15kbj0-hosts.drv'...
building '/nix/store/sq9gr0s36aid1rjfmvapfcgjvv4bq60h-unit-sideband-fixture.service.drv'...
building '/nix/store/k5bmi2qp6p14b7dg23k76z38p6i5zaj4-hostname.drv'...
building '/nix/store/l7657n5xi0341jy3mjgqm6xlgynsr0bi-X-Restart-Triggers-systemd-journald.drv'...
building '/nix/store/lvxr8hqhi8vcc5qzz71x9zd5a0l5zdhf-unit-dhcpcd.service.drv'...
building '/nix/store/1d6w2nx5c0zbs9v0fppz84x3x42g3n0k-unit-systemd-journald.service.drv'...
building '/nix/store/g9h65l38ywbb783lj2d0q0raix6r21s1-unit-serial-getty-.service.drv'...
building '/nix/store/63q3m1fil3fbyys6w3m8dmgzs3w48346-grub-config.xml.drv'...
building '/nix/store/lz2s5f0dhcdbwpl7aj87h7xzyfab3cx7-unit-container-getty-.service.drv'...
building '/nix/store/6shif69gl44lc4h0d86cymfb65gj6l5j-install-grub.sh.drv'...
building '/nix/store/cggknnhlvvqdh4ns976f1y021falpg69-unit-dbus.service.drv'...
building '/nix/store/62ay8y1h0hwjja0f9gfaih0hplkygg6s-ipv6-privacy-extensions.rules.drv'...
building '/nix/store/7z7ldz1xbzj6gs1ds7wqv45032ga9zp1-etc-shells.drv'...
building '/nix/store/fn6w9nn7a2sclyyaq9jyqbpl8xycgkm5-hwdb.bin.drv'...
building '/nix/store/dllf3n86zfi9x0dw1y0r934rwzz9yx2g-udev-rules.drv'...
building '/nix/store/jdvwsgpdjvqlhly05lgilmmz7yi211c4-unit-systemd-mkswap-.service.drv'...
building '/nix/store/mhbbjgffkxdy18n9kl0ix5r5brmvrfb3-X-Restart-Triggers-systemd-udevd.drv'...
building '/nix/store/fx0j0k91jpxhvkhynw00lwrfrhw4bh6p-X-Restart-Triggers-systemd-journald-.drv'...
building '/nix/store/mz8f4lnpzjdxw771i68wfwsnrk5jd5rq-unit-systemd-udevd.service.drv'...
building '/nix/store/5qsnyavbv2vlaf329jaa8j020cp1gkv8-unit-systemd-journald-.service.drv'...
building '/nix/store/iab5na5am2ahh0cz5p7i54cx2kiwign3-unit-script-resolvconf-start.drv'...
building '/nix/store/ks78vmmvmsd8xh5zv9lr6dspcvkgzkk4-unit-script-nixos-activation-start.drv'...
building '/nix/store/w03h50yyyrfz5gfqg5d579qsgawybpk8-unit-resolvconf.service.drv'...
building '/nix/store/j098p7hlnccaqj92xx224b9vpr136vb6-unit-nixos-activation.service.drv'...
building '/nix/store/5kvmfycdblkz4z464kfjyn3nisqwpnl5-unit-script-linger-users-start.drv'...
building '/nix/store/0j4v7jhwdva9lr1drqap90krjb7qgi6y-user-units.drv'...
building '/nix/store/cswpzwv43prr571rs42lpd1i8z2k2gzh-unit-linger-users.service.drv'...
building '/nix/store/1m1589h3f1d16cnml19aixby9mapxdap-X-Restart-Triggers-systemd-modules-load.drv'...
building '/nix/store/z1q54bbxbfryjlj27qdpva61rzad9brq-unit-qemu-guest-agent.service.drv'...
building '/nix/store/4nzirfg80dyay9cbi5fh6x4kx16qx6pr-unit-systemd-modules-load.service.drv'...
building '/nix/store/7ipxgxy045a6c6vx36ds74f9ijqlfj4j-unit-lastlog2-import.service.drv'...
building '/nix/store/w8rb091kap2c0mngfi7j0gdqa9kw8wyb-etc-ssh-ssh_config.drv'...
building '/nix/store/qpjj3n7srxxa9iaqy760f1n5pcs82l2r-sandhi-require-ip-filter.drv'...
building '/nix/store/2rqj00jdp6vjj19w08fqvvbi9ryc7pij-login.pam.drv'...
building '/nix/store/j48ms59clrhk3rnrvykfhfw5rw749ycd-unit-sandhi-contract-first.service.drv'...
building '/nix/store/lz8cr4d0r2gxsr0jig9b8n0vbw7jf01m-unit-sandhi-contract-changed.service.drv'...
building '/nix/store/p43gbd1ksqpn4khxzij0ihqbzyiy7j8n-etc-systemd-system.conf.drv'...
building '/nix/store/cxs7zh7faafjfhrifsfyyh4www46nmbs-etc-sysctl.d-60-nixos.conf.drv'...
building '/nix/store/l53insv0wabpd7jy284p169qr4hxz9qs-unit-echo-fixture.service.drv'...
building '/nix/store/s4dbrc4nfa733k2565dlig39gciy6bhs-X-Restart-Triggers-systemd-sysctl.drv'...
building '/nix/store/rck2yivi9y24s35kd7nwbqwyj4x78w6s-unit-systemd-sysctl.service.drv'...
building '/nix/store/s41ip27zl95glmpbj8pvnanw4qkpfhyb-system-units.drv'...
building '/nix/store/m1pxyjhfib6cq5i9kh4w9q7nq5ninapq-etc.drv'...
building '/nix/store/2jxazgv0hnp1ravp9841zl78ad2glsjq-activate.drv'...
building '/nix/store/q7dd480ibc9f78793v9qy33d9kjqgvrn-nixos-system-machine-test.drv'...
building '/nix/store/3kaf23y19k0rszqbi8q339c94s4l20n5-closure-info.drv'...
building '/nix/store/ivglazxk7g3dnfqsvba1plm6pdm4jrsc-run-nixos-vm.drv'...
building '/nix/store/rh9njbqypwa5m3qq9m2qy7cm2000xvhq-nixos-vm.drv'...
building '/nix/store/5hga6pf443wag8jpwrj052fyinlwq2f6-driverConfiguration.json.drv'...
building '/nix/store/lc69nsvg0sgwlh1hp0pkzcva83jgbfz2-nixos-test-driver-sandhi-declared-reach.drv'...
